-- Adminer 4.8.1 MySQL 8.0.24 dump

SET NAMES utf8;
SET time_zone = '+00:00';
SET foreign_key_checks = 0;
SET sql_mode = 'NO_AUTO_VALUE_ON_ZERO';

SET NAMES utf8mb4;

DROP TABLE IF EXISTS `districts`;
CREATE TABLE `districts` (
  `id` bigint unsigned NOT NULL AUTO_INCREMENT,
  `code` bigint unsigned NOT NULL,
  `name` varchar(255) COLLATE utf8mb4_unicode_ci NOT NULL,
  `region_id` bigint unsigned DEFAULT NULL,
  PRIMARY KEY (`id`),
  KEY `districts_region_id_foreign` (`region_id`),
  CONSTRAINT `districts_region_id_foreign` FOREIGN KEY (`region_id`) REFERENCES `regions` (`id`) ON DELETE SET NULL
) ENGINE=InnoDB DEFAULT CHARSET=utf8mb4 COLLATE=utf8mb4_unicode_ci;

INSERT INTO `districts` (`id`, `code`, `name`, `region_id`) VALUES
(1,	1703200,	'Районы Андижанской области',	1),
(2,	1703202,	'Алтынкульский район',	1),
(3,	1703203,	'Андижанский район',	1),
(4,	1703206,	'Балыкчинский район',	1),
(5,	1703209,	'Бустонский район',	1),
(6,	1703210,	'Булакбашинский район',	1),
(7,	1703211,	'Жалакудукский район',	1),
(8,	1703214,	'Избасканский район',	1),
(9,	1703217,	'Улугноpский район',	1),
(10,	1703220,	'Кургантепинский район',	1),
(11,	1703224,	'Асакинский район',	1),
(12,	1703227,	'Мархаматский район',	1),
(13,	1703230,	'Шахриханский район',	1),
(14,	1703232,	'Пахтаабадский район',	1),
(15,	1703236,	'Ходжаабадский район',	1),
(16,	1703400,	'Города областного подчинения Андижанской области',	1),
(17,	1703401,	'Андижан',	1),
(18,	1703408,	'Ханабад',	1),
(19,	1706200,	'Районы Бухарской области',	2),
(20,	1706204,	'Алатский район',	2),
(21,	1706207,	'Бухарский район',	2),
(22,	1706212,	'Вабкентский район',	2),
(23,	1706215,	'Гиждуванский район',	2),
(24,	1706219,	'Каганский район',	2),
(25,	1706230,	'Каракульский район',	2),
(26,	1706232,	'Караулбазарский район',	2),
(27,	1706240,	'Пешкунский район',	2),
(28,	1706242,	'Ромитанский район',	2),
(29,	1706246,	'Жондоpский район',	2),
(30,	1706258,	'Шафирканский район',	2),
(31,	1706400,	'Города областного подчинения Бухарской области',	2),
(32,	1706401,	'Бухара',	2),
(33,	1706403,	'Каган',	2),
(34,	1708200,	'Районы Джизакской области',	3),
(35,	1708201,	'Арнасайский район',	3),
(36,	1708204,	'Бахмальский район',	3),
(37,	1708209,	'Галляаральский район',	3),
(38,	1708212,	'Шароф Рашидовский район',	3),
(39,	1708215,	'Дустликский район',	3),
(40,	1708218,	'Зааминский район',	3),
(41,	1708220,	'Зарбдарский район',	3),
(42,	1708223,	'Мирзачульский район',	3),
(43,	1708225,	'Зафарабадский район',	3),
(44,	1708228,	'Пахтакорский район',	3),
(45,	1708235,	'Фаришский район',	3),
(46,	1708237,	'Янгиободский район',	3),
(47,	1708400,	'Города областного подчинения Джизакской области',	3),
(48,	1708401,	'Джизак',	3),
(49,	1710200,	'Районы Кашкадарьинской области',	4),
(50,	1710207,	'Гузарский район',	4),
(51,	1710212,	'Дехканабадский район',	4),
(52,	1710220,	'Камашинский район',	4),
(53,	1710224,	'Каршинский район',	4),
(54,	1710229,	'Касанский район',	4),
(55,	1710232,	'Китабский район',	4),
(56,	1710233,	'Миришкорский район',	4),
(57,	1710234,	'Мубарекский район',	4),
(58,	1710235,	'Нишанский район',	4),
(59,	1710237,	'Касбинский район',	4),
(60,	1710240,	'Кукдалинский район',	4),
(61,	1710242,	'Чиракчинский район',	4),
(62,	1710245,	'Шахрисабзский район',	4),
(63,	1710250,	'Яккабагский район',	4),
(64,	1710400,	'Города областного подч. Кашкадарьинской области',	4),
(65,	1710401,	'Карши',	4),
(66,	1710405,	'Шахрисабз',	4),
(67,	1712200,	'Районы Навоийской области',	5),
(68,	1712211,	'Канимехский район',	5),
(69,	1712216,	'Кызылтепинский район',	5),
(70,	1712230,	'Навбахорский район',	5),
(71,	1712234,	'Карманинский район',	5),
(72,	1712238,	'Нуратинский район',	5),
(73,	1712244,	'Тамдынский район',	5),
(74,	1712248,	'Учкудукский район',	5),
(75,	1712251,	'Хатырчинский район',	5),
(76,	1712400,	'Города областного подчинения Навоийской области',	5),
(77,	1712401,	'Навои',	5),
(78,	1712408,	'Заpафшан',	5),
(79,	1712412,	'Газган',	5),
(80,	1714200,	'Районы Наманганской области',	6),
(81,	1714204,	'Мингбулакский pайон',	6),
(82,	1714207,	'Касансайский район',	6),
(83,	1714212,	'Наманганский район',	6),
(84,	1714216,	'Нарынский район',	6),
(85,	1714219,	'Папский район',	6),
(86,	1714224,	'Туракурганский район',	6),
(87,	1714229,	'Уйчинский район',	6),
(88,	1714234,	'Учкурганский район',	6),
(89,	1714236,	'Чартакский район',	6),
(90,	1714237,	'Чустский район',	6),
(91,	1714242,	'Янгикурганский район',	6),
(92,	1714400,	'Города областного подчинения Наманганской области',	6),
(93,	1714401,	'Наманган',	6),
(94,	1718200,	'Районы Самаркандской области',	7),
(95,	1718203,	'Акдарьинский район',	7),
(96,	1718206,	'Булунгурский район',	7),
(97,	1718209,	'Джамбайский район',	7),
(98,	1718212,	'Иштыханский район',	7),
(99,	1718215,	'Каттакурганский район',	7),
(100,	1718216,	'Кошрабадский район',	7),
(101,	1718218,	'Нарпайский район',	7),
(102,	1718224,	'Пайарыкский район',	7),
(103,	1718227,	'Пастдаргомский район',	7),
(104,	1718230,	'Пахтачийский район',	7),
(105,	1718233,	'Самаркандский район',	7),
(106,	1718235,	'Нурабадский район',	7),
(107,	1718236,	'Ургутский район',	7),
(108,	1718238,	'Тайлякский район',	7),
(109,	1718400,	'Города областного подчинения Самаркандской области',	7),
(110,	1718401,	'Самарканд',	7),
(111,	1718406,	'Каттакурган',	7),
(112,	1722200,	'Районы Сурхандарьинской области',	8),
(113,	1722201,	'Алтынсайский район',	8),
(114,	1722202,	'Ангорский район',	8),
(115,	1722203,	'Бандихонский район',	8),
(116,	1722204,	'Байсунский район',	8),
(117,	1722207,	'Музрабадский район',	8),
(118,	1722210,	'Денауский район',	8),
(119,	1722212,	'Джаркурганский район',	8),
(120,	1722214,	'Кумкурганский район',	8),
(121,	1722215,	'Кизирикский район',	8),
(122,	1722217,	'Сариасийский район',	8),
(123,	1722220,	'Термезский район',	8),
(124,	1722221,	'Узунский район',	8),
(125,	1722223,	'Шерабадский район',	8),
(126,	1722226,	'Шурчинский район',	8),
(127,	1722400,	'Города областного подч. Сурхандарьинской области',	8),
(128,	1722401,	'Термез',	8),
(129,	1724200,	'Районы Сырдарьинской области',	9),
(130,	1724206,	'Акалтынский район',	9),
(131,	1724212,	'Баяутский район',	9),
(132,	1724216,	'Сайхунабадский район',	9),
(133,	1724220,	'Гулистанский район',	9),
(134,	1724226,	'Сардобский район',	9),
(135,	1724228,	'Мирзаабадский район',	9),
(136,	1724231,	'Сырдарьинский район',	9),
(137,	1724235,	'Хавасский район',	9),
(138,	1724400,	'Города областного подчинения Сырдарьинской области',	9),
(139,	1724401,	'Гулистан',	9),
(140,	1724410,	'Шиpин',	9),
(141,	1724413,	'Янгиеp',	9),
(142,	1726260,	'Районы города Ташкента',	10),
(143,	1726262,	'Учтепинский район',	10),
(144,	1726264,	'Бектемирский район',	10),
(145,	1726266,	'Юнусабадский район',	10),
(146,	1726269,	'Мирзо-Улугбекский район',	10),
(147,	1726273,	'Мирабадский район',	10),
(148,	1726277,	'Шайхантахурский район',	10),
(149,	1726280,	'Алмазарский район',	10),
(150,	1726283,	'Сергелийский район',	10),
(151,	1726287,	'Яккасарайский район',	10),
(152,	1726290,	'Яшнободский район',	10),
(153,	1726292,	'Янгихаётский район',	10),
(154,	1726294,	'Чиланзарский район',	10),
(155,	1727200,	'Районы Ташкентской области',	11),
(156,	1727206,	'Аккурганский район',	11),
(157,	1727212,	'Ахангаранский район',	11),
(158,	1727220,	'Бекабадский район',	11),
(159,	1727224,	'Бостанлыкский район',	11),
(160,	1727228,	'Букинский район',	11),
(161,	1727233,	'Куйичирчикский район',	11),
(162,	1727237,	'Зангиатинский район',	11),
(163,	1727239,	'Юкоричирчикский район',	11),
(164,	1727248,	'Кибрайский район',	11),
(165,	1727249,	'Паркентский район',	11),
(166,	1727250,	'Пскентский район',	11),
(167,	1727253,	'Уртачирчикский район',	11),
(168,	1727256,	'Чиназский район',	11),
(169,	1727259,	'Янгиюльский район',	11),
(170,	1727265,	'Ташкентский район',	11),
(171,	1727400,	'Города областного подчинения Ташкентской области',	11),
(172,	1727401,	'Нурафшон',	11),
(173,	1727404,	'Алмалык',	11),
(174,	1727407,	'Ангрен',	11),
(175,	1727413,	'Бекабад',	11),
(176,	1727415,	'Ахангаран',	11),
(177,	1727419,	'Чиpчик',	11),
(178,	1727424,	'Янгиюль',	11),
(179,	1730200,	'Районы Ферганской области',	12),
(180,	1730203,	'Алтыарыкский район',	12),
(181,	1730206,	'Куштепинский район',	12),
(182,	1730209,	'Багдадский район',	12),
(183,	1730212,	'Бувайдинский район',	12),
(184,	1730215,	'Бешарыкский район',	12),
(185,	1730218,	'Кувинский район',	12),
(186,	1730221,	'Учкуприкский район',	12),
(187,	1730224,	'Риштанский район',	12),
(188,	1730226,	'Сохский район',	12),
(189,	1730227,	'Ташлакский район',	12),
(190,	1730230,	'Узбекистанский район',	12),
(191,	1730233,	'Ферганский район',	12),
(192,	1730236,	'Дангаринский район',	12),
(193,	1730238,	'Фуркатский район',	12),
(194,	1730242,	'Язъяванский район',	12),
(195,	1730400,	'Города областного подчинения Ферганской области',	12),
(196,	1730401,	'Фергана',	12),
(197,	1730405,	'Коканд',	12),
(198,	1730408,	'Кувасай',	12),
(199,	1730412,	'Маpгилан',	12),
(200,	1733200,	'Районы Хорезмской области',	13),
(201,	1733204,	'Багатский район',	13),
(202,	1733208,	'Гурленский район',	13),
(203,	1733212,	'Кошкупырский район',	13),
(204,	1733217,	'Ургенчский район',	13),
(205,	1733220,	'Хазараспский район',	13),
(206,	1733221,	'Тупроккалинский район',	13),
(207,	1733223,	'Ханкинский район',	13),
(208,	1733226,	'Хивинский район',	13),
(209,	1733230,	'Шаватский район',	13),
(210,	1733233,	'Янгиарыкский район',	13),
(211,	1733236,	'Янгибазарский район',	13),
(212,	1733400,	'Города областного подчинения Хорезмской области',	13),
(213,	1733401,	'Ургенч',	13),
(214,	1733406,	'Хива',	13),
(215,	1735200,	'Районы Республики Каракалпакстан',	14),
(216,	1735204,	'Амударьинский район',	14),
(217,	1735207,	'Берунийский район',	14),
(218,	1735209,	'Бозатауский район',	14),
(219,	1735211,	'Караузякский район',	14),
(220,	1735212,	'Кегейлийский район',	14),
(221,	1735215,	'Кунградский район',	14),
(222,	1735218,	'Канлыкульский район',	14),
(223,	1735222,	'Муйнакский район',	14),
(224,	1735225,	'Нукусский район',	14),
(225,	1735228,	'Тахиаташский район',	14),
(226,	1735230,	'Тахтакупырский район',	14),
(227,	1735233,	'Турткульский район',	14),
(228,	1735236,	'Ходжейлийский район',	14),
(229,	1735240,	'Чимбайский район',	14),
(230,	1735243,	'Шуманайский район',	14),
(231,	1735250,	'Элликкалинский район',	14),
(232,	1735400,	'Гоpода pеспуб-го подч. Республики Каpакалпакстан',	14),
(233,	1735401,	'Нукус',	14);

DROP TABLE IF EXISTS `regions`;
CREATE TABLE `regions` (
  `id` bigint unsigned NOT NULL AUTO_INCREMENT,
  `code` bigint unsigned NOT NULL,
  `name` varchar(255) COLLATE utf8mb4_unicode_ci NOT NULL,
  PRIMARY KEY (`id`)
) ENGINE=InnoDB DEFAULT CHARSET=utf8mb4 COLLATE=utf8mb4_unicode_ci;

INSERT INTO `regions` (`id`, `code`, `name`) VALUES
(1,	1703,	'Андижанская область'),
(2,	1706,	'Бухарская область'),
(3,	1708,	'Джизакская область'),
(4,	1710,	'Кашкадарьинская область'),
(5,	1712,	'Навоийская область'),
(6,	1714,	'Наманганская область'),
(7,	1718,	'Самаркандская область'),
(8,	1722,	'Сурхандарьинская область'),
(9,	1724,	'Сырдарьинская область'),
(10,	1726,	'город Ташкент'),
(11,	1727,	'Ташкентская область'),
(12,	1730,	'Ферганская область'),
(13,	1733,	'Хорезмская область'),
(14,	1735,	'Республика Каракалпакстан');

DROP TABLE IF EXISTS `towns`;
CREATE TABLE `towns` (
  `id` bigint unsigned NOT NULL AUTO_INCREMENT,
  `code` bigint unsigned NOT NULL,
  `name` varchar(255) COLLATE utf8mb4_unicode_ci NOT NULL,
  `district_id` bigint unsigned DEFAULT NULL,
  PRIMARY KEY (`id`),
  KEY `towns_district_id_foreign` (`district_id`),
  CONSTRAINT `towns_district_id_foreign` FOREIGN KEY (`district_id`) REFERENCES `districts` (`id`) ON DELETE SET NULL
) ENGINE=InnoDB DEFAULT CHARSET=utf8mb4 COLLATE=utf8mb4_unicode_ci;

INSERT INTO `towns` (`id`, `code`, `name`, `district_id`) VALUES
(1,	1703202550,	'Городские поселки Алтынкульского района',	2),
(2,	1703202552,	'Бустон',	2),
(3,	1703202554,	'Далварзин',	2),
(4,	1703202556,	'Жалабек',	2),
(5,	1703202558,	'Ижтимоият',	2),
(6,	1703202562,	'Кумакай',	2),
(7,	1703202564,	'Куштепа',	2),
(8,	1703202566,	'Маданий мехнат',	2),
(9,	1703202568,	'Марказ',	2),
(10,	1703202572,	'Маслахат',	2),
(11,	1703202574,	'Намуна',	2),
(12,	1703202576,	'Хондибоги',	2),
(13,	1703202800,	'Сельские сходы граждан Алтынкульского района',	2),
(14,	1703202804,	'Алтынкуль',	2),
(15,	1703202807,	'им. Ахунбабаева',	2),
(16,	1703202813,	'Джалабек',	2),
(17,	1703202820,	'Коштепасарай',	2),
(18,	1703202825,	'Кумакай',	2),
(19,	1703202830,	'Маслахат',	2),
(20,	1703202834,	'им. Орази',	2),
(21,	1703202840,	'Сувюлдуз',	2),
(22,	1703203550,	'Городские поселки Андижанского района',	3),
(23,	1703203551,	'Куйган - яр',	3),
(24,	1703203553,	'Айрилиш',	3),
(25,	1703203555,	'Бутакора',	3),
(26,	1703203557,	'Гулистон',	3),
(27,	1703203559,	'Гумбаз',	3),
(28,	1703203561,	'Заврок',	3),
(29,	1703203563,	'Каракалпак',	3),
(30,	1703203567,	'Кунжи',	3),
(31,	1703203569,	'Кушарик',	3),
(32,	1703203571,	'Намуна',	3),
(33,	1703203573,	'Огуллик',	3),
(34,	1703203575,	'Ок-ер',	3),
(35,	1703203577,	'Роввот',	3),
(36,	1703203579,	'Хартум',	3),
(37,	1703203581,	'Чилон',	3),
(38,	1703203583,	'Чумбогич',	3),
(39,	1703203585,	'Экин-тикин',	3),
(40,	1703203587,	'Янгиабад',	3),
(41,	1703203589,	'Гулобод',	3),
(42,	1703203800,	'Сельские сходы граждан Андижанского района',	3),
(43,	1703203803,	'Ак-яр',	3),
(44,	1703203813,	'Бутакара',	3),
(45,	1703203829,	'Кунджи',	3),
(46,	1703203838,	'Найман',	3),
(47,	1703203849,	'Хакан',	3),
(48,	1703203863,	'Хирабек',	3),
(49,	1703203866,	'Хартум',	3),
(50,	1703203874,	'Аpал',	3),
(51,	1703203885,	'Ярбаши',	3),
(52,	1703206550,	'Городские поселки Балыкчинского района',	4),
(53,	1703206551,	'Баликчи',	4),
(54,	1703206554,	'Хужаабад',	4),
(55,	1703206558,	'Чинобод марказ',	4),
(56,	1703206800,	'Сельские сходы граждан Балыкчинского района',	4),
(57,	1703206803,	'Алимбек',	4),
(58,	1703206807,	'им. Ахунбабаева',	4),
(59,	1703206813,	'Балыкчи',	4),
(60,	1703206824,	'Гулистан',	4),
(61,	1703206831,	'Бустан',	4),
(62,	1703206846,	'Сиза',	4),
(63,	1703206857,	'Урманбек',	4),
(64,	1703206868,	'Ходжаабад',	4),
(65,	1703206879,	'Эски Хаккулабад',	4),
(66,	1703209550,	'Городские поселки Бустонского района',	5),
(67,	1703209551,	'Боз',	5),
(68,	1703209555,	'М.Жалолов',	5),
(69,	1703209559,	'Холдевонбек',	5),
(70,	1703209800,	'Сельские сходы граждан Бустонского района',	5),
(71,	1703209811,	'Халдеванбек',	5),
(72,	1703209846,	'им. М. Джалалова',	5),
(73,	1703209857,	'Хавас',	5),
(74,	1703210550,	'Городские поселки Булакбашинского района',	6),
(75,	1703210551,	'Булокбоши',	6),
(76,	1703210554,	'Андижан',	6),
(77,	1703210561,	'Учтепа',	6),
(78,	1703210564,	'Ширмонбулок',	6),
(79,	1703210800,	'Сельские сходы граждан Булакбашинского района',	6),
(80,	1703210812,	'Булакбаши',	6),
(81,	1703210832,	'Кулла',	6),
(82,	1703210838,	'Майарык',	6),
(83,	1703210850,	'Найман',	6),
(84,	1703210894,	'Ширманбулак',	6),
(85,	1703211500,	'Города районного подч. Жалакудукского района',	7),
(86,	1703211501,	'Жалакудук',	7),
(87,	1703211550,	'Городские поселки Жалакудукского района',	7),
(88,	1703211554,	'Южный Аламышик',	7),
(89,	1703211556,	'Бештол',	7),
(90,	1703211558,	'Еркишлок',	7),
(91,	1703211562,	'Жалакудук',	7),
(92,	1703211564,	'Кукалам',	7),
(93,	1703211566,	'Куштепа',	7),
(94,	1703211568,	'Ойим',	7),
(95,	1703211800,	'Сельские сходы граждан Жалакудукского района',	7),
(96,	1703211804,	'Абдуллабий',	7),
(97,	1703211807,	'Аим',	7),
(98,	1703211814,	'Бештал',	7),
(99,	1703211818,	'Джалалкудук',	7),
(100,	1703211824,	'Катартал',	7),
(101,	1703211830,	'Гулистан',	7),
(102,	1703211834,	'Тешикташ',	7),
(103,	1703211841,	'Яркишлак',	7),
(104,	1703214500,	'Города районного подчинения Избасканского района',	8),
(105,	1703214501,	'Пайтуг',	8),
(106,	1703214550,	'Городские поселки Избасканского района',	8),
(107,	1703214553,	'Гуркиров',	8),
(108,	1703214556,	'Майгир',	8),
(109,	1703214559,	'Турткул',	8),
(110,	1703214563,	'Узун куча',	8),
(111,	1703214800,	'Сельские сходы граждан Избасканского района',	8),
(112,	1703214811,	'Избаскан',	8),
(113,	1703214822,	'Майгир',	8),
(114,	1703214833,	'Намуна',	8),
(115,	1703214844,	'Уртаклар',	8),
(116,	1703214855,	'Шерматабад',	8),
(117,	1703214860,	'Эркин',	8),
(118,	1703214866,	'Янгизамон',	8),
(119,	1703214877,	'Янгикишлак',	8),
(120,	1703214885,	'Яккатут',	8),
(121,	1703217550,	'Городские поселки Улугнарского района',	9),
(122,	1703217551,	'Ок-олтин',	9),
(123,	1703217800,	'Сельские сходы граждан Улугноpского района',	9),
(124,	1703217810,	'Акалтын',	9),
(125,	1703217815,	'Мингчинаp',	9),
(126,	1703217820,	'Мингбулак',	9),
(127,	1703217830,	'им. Навои',	9),
(128,	1703220500,	'Города районного подч. Кургантепинского района',	10),
(129,	1703220501,	'Кургантепа',	10),
(130,	1703220505,	'Карасу',	10),
(131,	1703220550,	'Городские поселки Кургантепинского района',	10),
(132,	1703220553,	'Султонабад',	10),
(133,	1703220800,	'Сельские сходы граждан Кургантепинского района',	10),
(134,	1703220813,	'Дардак',	10),
(135,	1703220836,	'Кургантепа',	10),
(136,	1703220847,	'Савай',	10),
(137,	1703220858,	'Султанабад',	10),
(138,	1703220872,	'Чимион',	10),
(139,	1703224500,	'Города районного подч. Асакинского района',	11),
(140,	1703224501,	'Асака',	11),
(141,	1703224550,	'Городские поселки Асакинского района',	11),
(142,	1703224552,	'Кужган',	11),
(143,	1703224554,	'Навкан',	11),
(144,	1703224556,	'Окбуйра',	11),
(145,	1703224558,	'Т.Алиев',	11),
(146,	1703224800,	'Сельские сходы граждан Асакинского района',	11),
(147,	1703224811,	'Зарбдар',	11),
(148,	1703224822,	'Илгар',	11),
(149,	1703224833,	'Каpатепа',	11),
(150,	1703224844,	'Кужган',	11),
(151,	1703224855,	'Кадим',	11),
(152,	1703224866,	'Мустахкам',	11),
(153,	1703224877,	'Узбекистан',	11),
(154,	1703224885,	'Ниязбатыр',	11),
(155,	1703227500,	'Города районного подчинения Мархаматского района',	12),
(156,	1703227501,	'Мархамат',	12),
(157,	1703227550,	'Городские поселки Мархаматского района',	12),
(158,	1703227554,	'Палванташ',	12),
(159,	1703227557,	'Бобохуросон',	12),
(160,	1703227561,	'Корабогиш',	12),
(161,	1703227564,	'Коракургон',	12),
(162,	1703227567,	'Кутарма',	12),
(163,	1703227571,	'Мархамат',	12),
(164,	1703227574,	'Ровот',	12),
(165,	1703227577,	'Укчи',	12),
(166,	1703227581,	'Хакка',	12),
(167,	1703227584,	'Хужаарик',	12),
(168,	1703227800,	'Сельские сходы граждан Мархаматского района',	12),
(169,	1703227811,	'Каракурган',	12),
(170,	1703227816,	'Карабагиш',	12),
(171,	1703227822,	'Кутарма',	12),
(172,	1703227833,	'Мархамат',	12),
(173,	1703227855,	'Шукурмерган',	12),
(174,	1703230500,	'Города районного подчинения Шахриханского района',	13),
(175,	1703230501,	'Шахрихан',	13),
(176,	1703230550,	'Городские поселки Шахриханского района',	13),
(177,	1703230552,	'Вахим',	13),
(178,	1703230554,	'Чужа',	13),
(179,	1703230556,	'Сегаза кум',	13),
(180,	1703230800,	'Сельские сходы граждан Шахриханского района',	13),
(181,	1703230811,	'Чужа',	13),
(182,	1703230822,	'Найнава',	13),
(183,	1703230826,	'Гулистан',	13),
(184,	1703230835,	'Пахтаабад',	13),
(185,	1703230846,	'Таштепа',	13),
(186,	1703230857,	'Узбекистан',	13),
(187,	1703230862,	'Урта Шахрихан',	13),
(188,	1703230869,	'Хакикат',	13),
(189,	1703230872,	'Абдубий',	13),
(190,	1703230882,	'Янгиюль',	13),
(191,	1703230890,	'Назармахрам',	13),
(192,	1703230898,	'Юкори  Шахрихан',	13),
(193,	1703232500,	'Города районного подчинения Пахтаабадского района',	14),
(194,	1703232501,	'Пахтаабад',	14),
(195,	1703232550,	'Городские поселки Пахтаабадского района',	14),
(196,	1703232556,	'Дустлик',	14),
(197,	1703232559,	'Избоскан',	14),
(198,	1703232563,	'Пушмон',	14),
(199,	1703232800,	'Сельские сходы граждан Пахтаабадского района',	14),
(200,	1703232803,	'Бустан',	14),
(201,	1703232810,	'Иттифак',	14),
(202,	1703232820,	'Маданият',	14),
(203,	1703232834,	'Пахтакор',	14),
(204,	1703232845,	'Уйгур',	14),
(205,	1703236500,	'Города районного подчинения Ходжаабадского района',	15),
(206,	1703236501,	'Ходжаабад',	15),
(207,	1703236550,	'Городские поселки Ходжаабадского района',	15),
(208,	1703236552,	'Гулистон',	15),
(209,	1703236554,	'Дилкушод',	15),
(210,	1703236558,	'Кутарма',	15),
(211,	1703236562,	'Манак',	15),
(212,	1703236564,	'Хидирша',	15),
(213,	1703236800,	'Сельские сходы граждан Ходжаабадского района',	15),
(214,	1703236826,	'Манак',	15),
(215,	1703236861,	'Биpлашган',	15),
(216,	1703236872,	'Олтин водий',	15),
(217,	1703236883,	'Ходжаабад',	15),
(218,	1703408550,	'Городские поселки, подч. Ханабадскому горхок-ту',	18),
(219,	1703408553,	'Ханабад',	18),
(220,	1703408800,	'Сельские сходы гр-н, подч. Ханабадскому гоpхок-ту',	18),
(221,	1703408805,	'Ханабад',	18),
(222,	1706204500,	'Города районного подчинения Алатского района',	20),
(223,	1706204501,	'Алат',	20),
(224,	1706204550,	'Городские поселки Алатского района',	20),
(225,	1706204552,	'Ганчи Чандир',	20),
(226,	1706204553,	'Кесакли',	20),
(227,	1706204554,	'Киртай',	20),
(228,	1706204555,	'Сола коровул',	20),
(229,	1706204557,	'Жайхунобод',	20),
(230,	1706204558,	'Узбекистан',	20),
(231,	1706204559,	'Човдур',	20),
(232,	1706204561,	'Бурибек Чандир',	20),
(233,	1706204800,	'Сельские сходы граждан Алатского района',	20),
(234,	1706204804,	'Бахористон',	20),
(235,	1706204808,	'Гулистон',	20),
(236,	1706204810,	'Денау',	20),
(237,	1706204820,	'Джумабазар',	20),
(238,	1706204830,	'Пахтакор',	20),
(239,	1706204840,	'Талкансаят',	20),
(240,	1706204850,	'Чандиp',	20),
(241,	1706204853,	'Чарбаг',	20),
(242,	1706204856,	'Киpлишон',	20),
(243,	1706204860,	'Соин - Коpавул',	20),
(244,	1706207500,	'Города районного подчинения Бухарского района',	21),
(245,	1706207501,	'Галлаасия',	21),
(246,	1706207550,	'Городские поселки Бухарского района',	21),
(247,	1706207553,	'Дехча',	21),
(248,	1706207554,	'Подшойи',	21),
(249,	1706207555,	'Работак',	21),
(250,	1706207557,	'Урта Новметан',	21),
(251,	1706207558,	'Хумини боло',	21),
(252,	1706207561,	'Арабхона',	21),
(253,	1706207800,	'Сельские сходы граждан Бухарского района',	21),
(254,	1706207810,	'Багикалан',	21),
(255,	1706207824,	'Каваля Махмуд',	21),
(256,	1706207830,	'Кунжикала',	21),
(257,	1706207835,	'Шахонча',	21),
(258,	1706207846,	'Гулшанобод',	21),
(259,	1706207857,	'Рабаткалмок',	21),
(260,	1706207860,	'Саховат',	21),
(261,	1706207880,	'Шергирон',	21),
(262,	1706207882,	'Янгиобод',	21),
(263,	1706207883,	'Янги Турмуш',	21),
(264,	1706207886,	'Сохибкоp',	21),
(265,	1706207890,	'Суфикоpгаp',	21),
(266,	1706207895,	'Истикбол',	21),
(267,	1706207898,	'Кучкумаp',	21),
(268,	1706212500,	'Города районного подчинения Вабкентского района',	22),
(269,	1706212501,	'Вабкент',	22),
(270,	1706212550,	'Городские поселки Вобкентского района',	22),
(271,	1706212554,	'Навбахор',	22),
(272,	1706212556,	'Ширин',	22),
(273,	1706212558,	'Косари',	22),
(274,	1706212800,	'Сельские сходы граждан Вабкентского района',	22),
(275,	1706212808,	'Имамказыхан',	22),
(276,	1706212811,	'Пиpмаст',	22),
(277,	1706212822,	'Кунград',	22),
(278,	1706212833,	'Кумушкент',	22),
(279,	1706212844,	'Рахкент',	22),
(280,	1706212854,	'Хайрабатча',	22),
(281,	1706212855,	'Халач',	22),
(282,	1706212857,	'Хайрхуш',	22),
(283,	1706212867,	'Кипчак',	22),
(284,	1706212877,	'Эхсон',	22),
(285,	1706212887,	'Янгикент',	22),
(286,	1706215500,	'Города районного подчинения Гиждуванского района',	23),
(287,	1706215501,	'Гиждуван',	23),
(288,	1706215550,	'Городские поселки Гиждуванского района',	23),
(289,	1706215556,	'Абади',	23),
(290,	1706215559,	'Бештуво',	23),
(291,	1706215561,	'Гаждумак',	23),
(292,	1706215562,	'Джовгари',	23),
(293,	1706215563,	'Кулижаббор',	23),
(294,	1706215564,	'Мазраган',	23),
(295,	1706215565,	'Юкори Ростгуй',	23),
(296,	1706215566,	'Узанон',	23),
(297,	1706215568,	'Хатча',	23),
(298,	1706215569,	'Чагдари',	23),
(299,	1706215574,	'Додарак',	23),
(300,	1706215576,	'Наматгарон',	23),
(301,	1706215578,	'Юкори Кумок',	23),
(302,	1706215800,	'Сельские сходы граждан Гиждуванского района',	23),
(303,	1706215803,	'Армечан',	23),
(304,	1706215805,	'Буктарай',	23),
(305,	1706215810,	'Гавшун',	23),
(306,	1706215820,	'Зарангаpи',	23),
(307,	1706215827,	'Карахани',	23),
(308,	1706215831,	'Кукча',	23),
(309,	1706215836,	'Позагари',	23),
(310,	1706215840,	'Пахтаобод',	23),
(311,	1706215848,	'Соктари',	23),
(312,	1706215849,	'Сарвари',	23),
(313,	1706215850,	'Сармиджан',	23),
(314,	1706215860,	'Ульфатбиби',	23),
(315,	1706215870,	'им.Ф. Юнусова',	23),
(316,	1706215880,	'Фиришкент',	23),
(317,	1706219550,	'Городские поселки Каганского района',	24),
(318,	1706219557,	'Сараенобод',	24),
(319,	1706219559,	'Тутикунда',	24),
(320,	1706219800,	'Сельские сходы граждан Каганского района',	24),
(321,	1706219811,	'Каган',	24),
(322,	1706219814,	'Хужа Якшаба',	24),
(323,	1706219816,	'Гулистон',	24),
(324,	1706219818,	'Янги хает',	24),
(325,	1706219822,	'Нурафшон',	24),
(326,	1706219824,	'Беклаp',	24),
(327,	1706219833,	'Ниёзхожи',	24),
(328,	1706219836,	'Саpаен',	24),
(329,	1706219844,	'Накшбанди',	24),
(330,	1706230500,	'Города районного подчинения Каракульского района',	25),
(331,	1706230501,	'Каракуль',	25),
(332,	1706230550,	'Городские поселки Каракульского района',	25),
(333,	1706230552,	'Бандбоши',	25),
(334,	1706230553,	'Даргабоги',	25),
(335,	1706230554,	'Джигачи',	25),
(336,	1706230555,	'Корахожи',	25),
(337,	1706230556,	'Куввача',	25),
(338,	1706230557,	'Мирзакалъа',	25),
(339,	1706230558,	'Сайед',	25),
(340,	1706230559,	'Солур',	25),
(341,	1706230561,	'Чандирабад',	25),
(342,	1706230562,	'Шуррабад',	25),
(343,	1706230563,	'Якка Аълам',	25),
(344,	1706230564,	'Янгикалъа',	25),
(345,	1706230800,	'Сельские сходы граждан Каракульского района',	25),
(346,	1706230806,	'Даргали',	25),
(347,	1706230809,	'Бандбаши',	25),
(348,	1706230813,	'Джигачи',	25),
(349,	1706230815,	'Шуppабот',	25),
(350,	1706230825,	'Зиярат',	25),
(351,	1706230827,	'Кулончи',	25),
(352,	1706230832,	'Казан',	25),
(353,	1706230834,	'Куввача',	25),
(354,	1706230847,	'Караун',	25),
(355,	1706230850,	'Каракуль',	25),
(356,	1706230854,	'Чандиp',	25),
(357,	1706230859,	'Саят',	25),
(358,	1706230862,	'Маллаишайх',	25),
(359,	1706230875,	'Куйи Янгибазар',	25),
(360,	1706230880,	'Каpаходжи',	25),
(361,	1706230885,	'Човли',	25),
(362,	1706232500,	'Города районного подч. Каpаулбазаpского pайона',	26),
(363,	1706232501,	'Караулбазар',	26),
(364,	1706232800,	'Сельские сходы граждан Караулбазарского района',	26),
(365,	1706232803,	'Навбахор',	26),
(366,	1706232807,	'Бустон',	26),
(367,	1706232810,	'Бузачи',	26),
(368,	1706232815,	'Жаркок',	26),
(369,	1706240550,	'Городские поселки Пешкунского района',	27),
(370,	1706240551,	'Янгибозор',	27),
(371,	1706240553,	'Пешку',	27),
(372,	1706240555,	'Шавгон',	27),
(373,	1706240557,	'Махаллаи-Миришкор',	27),
(374,	1706240800,	'Сельские сходы граждан Пешкунского района',	27),
(375,	1706240802,	'им. Абу-Али-Ибн-Сино',	27),
(376,	1706240805,	'Варахша',	27),
(377,	1706240807,	'Джангельды',	27),
(378,	1706240810,	'Зандани',	27),
(379,	1706240821,	'Калаймиришкар',	27),
(380,	1706240832,	'Пешку',	27),
(381,	1706240854,	'Янгибазар',	27),
(382,	1706240860,	'Богимуссо',	27),
(383,	1706240865,	'Каpакалпак',	27),
(384,	1706240870,	'Чибогони',	27),
(385,	1706242500,	'Города районного подчинения Ромитанского района',	28),
(386,	1706242501,	'Ромитан',	28),
(387,	1706242505,	'Газли',	28),
(388,	1706242550,	'Городские поселки Ромитанского района',	28),
(389,	1706242552,	'Кокиштувон',	28),
(390,	1706242554,	'Хоса',	28),
(391,	1706242556,	'Юкори Газберон',	28),
(392,	1706242800,	'Сельские сходы граждан Ромитанского района',	28),
(393,	1706242825,	'Кызылрават',	28),
(394,	1706242834,	'Ромитан',	28),
(395,	1706242864,	'Богитуркон',	28),
(396,	1706242867,	'Чилангу',	28),
(397,	1706242872,	'Шурча',	28),
(398,	1706242875,	'Курган',	28),
(399,	1706246550,	'Городские поселки Жондоpского pайона',	29),
(400,	1706246551,	'Жондор',	29),
(401,	1706246552,	'Пахлавон',	29),
(402,	1706246553,	'Далмун',	29),
(403,	1706246554,	'Кулиен',	29),
(404,	1706246555,	'Самончук',	29),
(405,	1706246556,	'Тобагар',	29),
(406,	1706246557,	'Ушот',	29),
(407,	1706246558,	'Хазорман',	29),
(408,	1706246559,	'Чорзона',	29),
(409,	1706246800,	'Сельские сходы граждан Жондоpского района',	29),
(410,	1706246811,	'Дальмун',	29),
(411,	1706246822,	'Каpоли',	29),
(412,	1706246825,	'Лола',	29),
(413,	1706246831,	'Ромиш',	29),
(414,	1706246833,	'Зарафшон',	29),
(415,	1706246844,	'Охших',	29),
(416,	1706246855,	'Хумданак',	29),
(417,	1706246866,	'Хумин',	29),
(418,	1706246870,	'Мустакиллик',	29),
(419,	1706246875,	'Пулоти',	29),
(420,	1706246880,	'Самончук',	29),
(421,	1706246885,	'Алели',	29),
(422,	1706246890,	'Миpзоен',	29),
(423,	1706258500,	'Гоpода pайонного подчинения Шафирканского района',	30),
(424,	1706258501,	'Шафиркан',	30),
(425,	1706258550,	'Городские поселки Шафирканского района',	30),
(426,	1706258552,	'Жуйрабад',	30),
(427,	1706258553,	'Искогаре',	30),
(428,	1706258554,	'Куйи Чукурак',	30),
(429,	1706258555,	'Мирзокул',	30),
(430,	1706258556,	'Талисафед',	30),
(431,	1706258557,	'Ундаре',	30),
(432,	1706258558,	'Чандир',	30),
(433,	1706258561,	'Гуломте',	30),
(434,	1706258800,	'Сельские сходы граждан Шафирканского района',	30),
(435,	1706258805,	'Варданзе',	30),
(436,	1706258811,	'Денау',	30),
(437,	1706258822,	'Жуйнау',	30),
(438,	1706258828,	'Жуйработ',	30),
(439,	1706258833,	'Дурмен',	30),
(440,	1706258844,	'Саврак',	30),
(441,	1706258855,	'им. С. Джури',	30),
(442,	1706258866,	'Тезгузар',	30),
(443,	1706258877,	'Мазлахон Чандир',	30),
(444,	1706258880,	'им. Ш. Хамраева',	30),
(445,	1706258885,	'Искогаpе',	30),
(446,	1706258890,	'Богиафзал',	30),
(447,	1706401800,	'Сельские сходы гр-н, подч. Бухарскому горхокимияту',	32),
(448,	1706401803,	'Атбазар',	32),
(449,	1706401805,	'Шербуддин',	32),
(450,	1708201550,	'Городские поселки Арнасайского района',	35),
(451,	1708201551,	'Голиблар',	35),
(452,	1708201556,	'Гулбахор',	35),
(453,	1708201800,	'Сельские сходы граждан Арнасайского района',	35),
(454,	1708201802,	'Бустон',	35),
(455,	1708201803,	'Дустлик',	35),
(456,	1708201804,	'Зарафшан',	35),
(457,	1708201806,	'Олтин водий',	35),
(458,	1708201807,	'Чулкувар',	35),
(459,	1708201813,	'Янгибустан',	35),
(460,	1708204550,	'Городские поселки Бахмальского района',	36),
(461,	1708204551,	'Усмат',	36),
(462,	1708204552,	'Акташ',	36),
(463,	1708204553,	'Мугол',	36),
(464,	1708204554,	'Новка',	36),
(465,	1708204555,	'Аламли',	36),
(466,	1708204556,	'Тонготар',	36),
(467,	1708204558,	'Бахмал',	36),
(468,	1708204800,	'Сельские сходы граждан Бахмальского района',	36),
(469,	1708204802,	'Айкар',	36),
(470,	1708204804,	'Акташ',	36),
(471,	1708204808,	'Багишамал',	36),
(472,	1708204810,	'Барлас',	36),
(473,	1708204812,	'Бахмал',	36),
(474,	1708204817,	'Гульбулак',	36),
(475,	1708204830,	'Мугал',	36),
(476,	1708204835,	'Сангзар',	36),
(477,	1708204840,	'Тонготар',	36),
(478,	1708204845,	'Узунбулак',	36),
(479,	1708209500,	'Города районного подчинения Галляаральского района',	37),
(480,	1708209501,	'Галляарал',	37),
(481,	1708209550,	'Городские поселки Галляаральского района',	37),
(482,	1708209554,	'Кайташ',	37),
(483,	1708209557,	'Марджанбулак',	37),
(484,	1708209559,	'Лалмикор',	37),
(485,	1708209561,	'Канглиобод',	37),
(486,	1708209565,	'Абдукарим',	37),
(487,	1708209567,	'Чувиллок',	37),
(488,	1708209800,	'Сельские сходы граждан Галляаральского района',	37),
(489,	1708209823,	'Губдин',	37),
(490,	1708209825,	'Хонимкуpган',	37),
(491,	1708209834,	'Иттифак',	37),
(492,	1708209836,	'Гулчамбар',	37),
(493,	1708209838,	'Кипчоксув',	37),
(494,	1708209848,	'Кокбулак',	37),
(495,	1708209853,	'Коризкудук',	37),
(496,	1708209857,	'Гулистан',	37),
(497,	1708209860,	'Булакбаши',	37),
(498,	1708209865,	'Маданият',	37),
(499,	1708209868,	'Мирзабулак',	37),
(500,	1708209870,	'Молтаб',	37),
(501,	1708209875,	'Тозауpуг',	37),
(502,	1708209880,	'Мулкуш',	37),
(503,	1708212550,	'Городские поселки Шароф Рашидовского района',	38),
(504,	1708212551,	'Уч-тепа',	38),
(505,	1708212552,	'Гандумтош',	38),
(506,	1708212553,	'Караянтак',	38),
(507,	1708212554,	'Кангли',	38),
(508,	1708212555,	'Токчилик',	38),
(509,	1708212557,	'Мулканлик',	38),
(510,	1708212559,	'Жиззахлик',	38),
(511,	1708212800,	'Сельские сходы граждан Шароф Рашидовского района',	38),
(512,	1708212807,	'Акалтын',	38),
(513,	1708212810,	'Зиекор',	38),
(514,	1708212816,	'Кангли',	38),
(515,	1708212820,	'Рават',	38),
(516,	1708212832,	'Кушбаpмок',	38),
(517,	1708212835,	'Пахтаабад',	38),
(518,	1708212837,	'Кулама',	38),
(519,	1708212854,	'Хайрабад',	38),
(520,	1708212860,	'Файзобод',	38),
(521,	1708212865,	'Куёвбоши',	38),
(522,	1708212870,	'Самаpканд - кудук',	38),
(523,	1708212875,	'Учтепа',	38),
(524,	1708215500,	'Города районного подчинения Дустликского района',	39),
(525,	1708215501,	'Дустлик',	39),
(526,	1708215550,	'Городские поселки Дустликского района',	39),
(527,	1708215553,	'Навруз',	39),
(528,	1708215800,	'Сельские сходы граждан Дустликского района',	39),
(529,	1708215803,	'Багзар',	39),
(530,	1708215805,	'Бунедкор',	39),
(531,	1708215812,	'Кахрамон',	39),
(532,	1708215823,	'Манас',	39),
(533,	1708215830,	'Саритепа',	39),
(534,	1708215840,	'Олтин водий',	39),
(535,	1708215845,	'Мевазоp',	39),
(536,	1708218500,	'Города районного подчинения Зааминского района',	40),
(537,	1708218503,	'Даштобод',	40),
(538,	1708218550,	'Городские поселки Зааминского района',	40),
(539,	1708218551,	'Заамин',	40),
(540,	1708218553,	'Ем',	40),
(541,	1708218555,	'Сиргали',	40),
(542,	1708218557,	'Пшагор',	40),
(543,	1708218800,	'Сельские сходы граждан Зааминского района',	40),
(544,	1708218811,	'Галлякор',	40),
(545,	1708218813,	'Гульшан',	40),
(546,	1708218817,	'Дуоба',	40),
(547,	1708218834,	'им. Навои',	40),
(548,	1708218838,	'Обихаят',	40),
(549,	1708218857,	'Чарвадар',	40),
(550,	1708218858,	'Истиклол',	40),
(551,	1708218860,	'Бешкуби',	40),
(552,	1708218870,	'Шиpин',	40),
(553,	1708220550,	'Городские поселки Зарбдарского района',	41),
(554,	1708220551,	'Зарбдар',	41),
(555,	1708220553,	'Бустан',	41),
(556,	1708220555,	'Файзобод',	41),
(557,	1708220557,	'Шарк Юлдузи',	41),
(558,	1708220800,	'Сельские сходы граждан Зарбдарского района',	41),
(559,	1708220827,	'Шаpк Юлдузи',	41),
(560,	1708220831,	'Ташкесган',	41),
(561,	1708220835,	'Тинчлик',	41),
(562,	1708220843,	'Окар',	41),
(563,	1708220850,	'Лалмикоp',	41),
(564,	1708220863,	'Янгикент',	41),
(565,	1708220865,	'Андижан',	41),
(566,	1708220870,	'Адиpабад',	41),
(567,	1708223500,	'Города районного подчинения Мирзачульского района',	42),
(568,	1708223501,	'Гагарин',	42),
(569,	1708223550,	'Городские поселки Мирзачульского района',	42),
(570,	1708223553,	'Пахтазор',	42),
(571,	1708223555,	'Мирзадала',	42),
(572,	1708223800,	'Сельские сходы граждан Мирзачульского района',	42),
(573,	1708223803,	'Багбан',	42),
(574,	1708223815,	'Жибек- жолы',	42),
(575,	1708223830,	'Ташкент',	42),
(576,	1708223833,	'Узбекистан',	42),
(577,	1708223840,	'Янгидала',	42),
(578,	1708223850,	'Гульзар',	42),
(579,	1708225550,	'Городские поселки Зафарабадского района',	43),
(580,	1708225551,	'Зафарабад',	43),
(581,	1708225553,	'Яркин',	43),
(582,	1708225555,	'Писталикент',	43),
(583,	1708225557,	'Нурафшон',	43),
(584,	1708225800,	'Сельские сходы граждан Зафарабадского района',	43),
(585,	1708225802,	'Бирлик',	43),
(586,	1708225807,	'Еркин',	43),
(587,	1708225812,	'Лолазор',	43),
(588,	1708225828,	'Узун ',	43),
(589,	1708225832,	'Хулкар',	43),
(590,	1708225848,	'Чимкурган',	43),
(591,	1708228500,	'Города районного подчинения Пахтакорского района',	44),
(592,	1708228501,	'Пахтакор',	44),
(593,	1708228550,	'Городские поселки Пахтакорского района',	44),
(594,	1708228553,	'Гулзор',	44),
(595,	1708228800,	'Сельские сходы граждан Пахтакорского района',	44),
(596,	1708228805,	'Буюк Ипак йули',	44),
(597,	1708228807,	'Алмазар',	44),
(598,	1708228819,	'Мингчинар',	44),
(599,	1708228822,	'Пахтакор',	44),
(600,	1708228828,	'Богишамол',	44),
(601,	1708228835,	'Чаманзар',	44),
(602,	1708228840,	'Акбулак',	44),
(603,	1708235550,	'Городские поселки Фаришского pайона',	45),
(604,	1708235551,	'Богдон',	45),
(605,	1708235560,	'Учкулач',	45),
(606,	1708235800,	'Сельские сходы граждан Фаришского района',	45),
(607,	1708235805,	'Амангельды',	45),
(608,	1708235813,	'Дарваза',	45),
(609,	1708235824,	'Аpнасай',	45),
(610,	1708235828,	'Караабдал',	45),
(611,	1708235835,	'Эгизбулак',	45),
(612,	1708235846,	'Кызылкум',	45),
(613,	1708235868,	'Фариш',	45),
(614,	1708235885,	'Ухум',	45),
(615,	1708235890,	'Гараша',	45),
(616,	1708235895,	'Османсай',	45),
(617,	1708237550,	'Городские поселки Янгиабадского района',	46),
(618,	1708237552,	'Янгиабад',	46),
(619,	1708237554,	'Савот',	46),
(620,	1708237800,	'Сельские сходы граждан Янгиободского района',	46),
(621,	1708237804,	'Сармич',	46),
(622,	1708237813,	'Ходжамушкент',	46),
(623,	1708237822,	'Сават',	46),
(624,	1708237831,	'Ховотог',	46),
(625,	1708237840,	'Хавас',	46),
(626,	1710207500,	'Города районного подчинения Гузарского района',	50),
(627,	1710207501,	'Гузар',	50),
(628,	1710207550,	'Городские поселки Гузарского района',	50),
(629,	1710207552,	'Жарарик',	50),
(630,	1710207554,	'Обихает',	50),
(631,	1710207556,	'Янгикент',	50),
(632,	1710207558,	'Шерали',	50),
(633,	1710207562,	'Машъал',	50),
(634,	1710207800,	'Сельские сходы граждан Гузарского района',	50),
(635,	1710207810,	'Бустан',	50),
(636,	1710207823,	'Гулистан',	50),
(637,	1710207834,	'Гульшан',	50),
(638,	1710207842,	'Зарбдар',	50),
(639,	1710207844,	'Каракуль',	50),
(640,	1710207846,	'Шакарбулак',	50),
(641,	1710207857,	'Мехнатабад',	50),
(642,	1710207860,	'Куштепа',	50),
(643,	1710207870,	'Пачкамар',	50),
(644,	1710207875,	'Халкабад',	50),
(645,	1710207880,	'Батош',	50),
(646,	1710207885,	'Шеpали',	50),
(647,	1710212550,	'Городские поселки Дехканабадского района',	51),
(648,	1710212551,	'Корашина',	51),
(649,	1710212553,	'Дехканабад',	51),
(650,	1710212558,	'Бешбулок',	51),
(651,	1710212800,	'Сельские сходы граждан Дехканабадского района',	51),
(652,	1710212804,	'Обиравон',	51),
(653,	1710212809,	'Аккишлак',	51),
(654,	1710212810,	'Узбекистан',	51),
(655,	1710212811,	'Акташ',	51),
(656,	1710212814,	'Бошчорбог',	51),
(657,	1710212816,	'Бешкутан',	51),
(658,	1710212822,	'Бибикарасоч',	51),
(659,	1710212827,	'Дуаб',	51),
(660,	1710212832,	'Курганташ',	51),
(661,	1710212833,	'Кизилча',	51),
(662,	1710212836,	'Окиpтма',	51),
(663,	1710212839,	'Базаpтепа',	51),
(664,	1710212845,	'Киpккулач',	51),
(665,	1710212850,	'Окpабод',	51),
(666,	1710220500,	'Города районного подчинения Камашинского района',	52),
(667,	1710220501,	'Камаши',	52),
(668,	1710220550,	'Городские поселки Камашинского района',	52),
(669,	1710220552,	'Баландчайла',	52),
(670,	1710220554,	'Коратепа',	52),
(671,	1710220556,	'Кызилтепа',	52),
(672,	1710220558,	'Сарбозор',	52),
(673,	1710220562,	'Бадахшон',	52),
(674,	1710220800,	'Сельские сходы граждан Камашинского района',	52),
(675,	1710220833,	'Карабаг',	52),
(676,	1710220835,	'Каратепа',	52),
(677,	1710220844,	'Кокбулак',	52),
(678,	1710220845,	'Кизилтепа',	52),
(679,	1710220847,	'Равот',	52),
(680,	1710220855,	'Тукбай',	52),
(681,	1710220866,	'Чим',	52),
(682,	1710220870,	'Камай',	52),
(683,	1710220875,	'Жонбузсой',	52),
(684,	1710220880,	'Лойкасой',	52),
(685,	1710220885,	'Еpтепа',	52),
(686,	1710224500,	'Города районного подчинения Каршинского района',	53),
(687,	1710224501,	'Бешкент',	53),
(688,	1710224550,	'Городские поселки Каршинского района',	53),
(689,	1710224553,	'Файзиабад',	53),
(690,	1710224556,	'Сарай',	53),
(691,	1710224559,	'Губдин',	53),
(692,	1710224563,	'Лагмон',	53),
(693,	1710224566,	'Кучкак',	53),
(694,	1710224569,	'Хонабад',	53),
(695,	1710224573,	'Шилви',	53),
(696,	1710224576,	'Ковчин',	53),
(697,	1710224579,	'Нукрабад',	53),
(698,	1710224583,	'Ертепа',	53),
(699,	1710224586,	'Навруз',	53),
(700,	1710224589,	'Жумабозор',	53),
(701,	1710224593,	'Мустакиллик',	53),
(702,	1710224596,	'Мирмирон',	53),
(703,	1710224599,	'Янгихает',	53),
(704,	1710224800,	'Сельские сходы граждан Каршинского района',	53),
(705,	1710224808,	'Багабад',	53),
(706,	1710224812,	'Чарогил',	53),
(707,	1710224822,	'Дашт',	53),
(708,	1710224833,	'Ертепа',	53),
(709,	1710224840,	'Навбахор',	53),
(710,	1710224842,	'Каратепа',	53),
(711,	1710224843,	'Чулибустан',	53),
(712,	1710224844,	'Кат',	53),
(713,	1710224847,	'Ковчин',	53),
(714,	1710224855,	'Чаман ',	53),
(715,	1710224877,	'Узбекистон мустакиллиги',	53),
(716,	1710224880,	'Пахтакор',	53),
(717,	1710224884,	'Поштон',	53),
(718,	1710224888,	'Талликурган',	53),
(719,	1710224895,	'Хилал',	53),
(720,	1710229500,	'Гоpода pайонного подчинения Касанского pайона',	54),
(721,	1710229501,	'Касан',	54),
(722,	1710229550,	'Городские поселки Касанского района',	54),
(723,	1710229552,	'Бойгунди',	54),
(724,	1710229554,	'Бойтерак',	54),
(725,	1710229556,	'Гувалак',	54),
(726,	1710229558,	'Истиклол',	54),
(727,	1710229560,	'Куйи Оброн',	54),
(728,	1710229562,	'Мудин',	54),
(729,	1710229564,	'Октепа',	54),
(730,	1710229566,	'Абад',	54),
(731,	1710229568,	'Пудина',	54),
(732,	1710229570,	'Пулоти',	54),
(733,	1710229572,	'Рахимсуфи',	54),
(734,	1710229574,	'Сурхон',	54),
(735,	1710229576,	'Тулга',	54),
(736,	1710229578,	'Эсабой',	54),
(737,	1710229800,	'Сельские сходы граждан Касанского района',	54),
(738,	1710229807,	'Алачабаб',	54),
(739,	1710229812,	'Рудаксой',	54),
(740,	1710229815,	'Гульбаг',	54),
(741,	1710229823,	'Касан',	54),
(742,	1710229835,	'Дустлик',	54),
(743,	1710229846,	'Кунгиртог',	54),
(744,	1710229860,	'Гулобод',	54),
(745,	1710229868,	'Истиклол',	54),
(746,	1710229871,	'Тинчлик',	54),
(747,	1710232500,	'Гоpода pайонного подчинения Китабского pайона',	55),
(748,	1710232501,	'Китаб',	55),
(749,	1710232550,	'Городские поселки Китабского района',	55),
(750,	1710232553,	'Алакуйлик',	55),
(751,	1710232556,	'Бектемир',	55),
(752,	1710232559,	'Рус',	55),
(753,	1710232563,	'Бахтдарвозаси',	55),
(754,	1710232566,	'Бештерак',	55),
(755,	1710232569,	'Варганза',	55),
(756,	1710232573,	'Обиканда',	55),
(757,	1710232576,	'Панжи',	55),
(758,	1710232579,	'Сариосие',	55),
(759,	1710232583,	'Севаз',	55),
(760,	1710232586,	'Хожи',	55),
(761,	1710232589,	'Яккатут',	55),
(762,	1710232593,	'Янгиабад',	55),
(763,	1710232800,	'Сельские сходы граждан Китабского района',	55),
(764,	1710232803,	'Бектемир',	55),
(765,	1710232808,	'Катарбаг',	55),
(766,	1710232809,	'Кайнарбулак',	55),
(767,	1710232811,	'Куйнакбай',	55),
(768,	1710232833,	'Макрид',	55),
(769,	1710232855,	'Тагоб',	55),
(770,	1710232866,	'Пахтаабад',	55),
(771,	1710232877,	'Сиваз',	55),
(772,	1710232880,	'Тупчак',	55),
(773,	1710232885,	'Багбан',	55),
(774,	1710232890,	'Бештеpак',	55),
(775,	1710232895,	'Жилисув',	55),
(776,	1710233550,	'Городские поселки Миришкорского района',	56),
(777,	1710233551,	'Янги Миришкор',	56),
(778,	1710233555,	'Жейнов',	56),
(779,	1710233558,	'Помук',	56),
(780,	1710233800,	'Сельские сходы граждан Миришкорского района',	56),
(781,	1710233808,	'Абад',	56),
(782,	1710233812,	'Бустон',	56),
(783,	1710233823,	'Вори',	56),
(784,	1710233828,	'Гулистан',	56),
(785,	1710233832,	'Гулшан баг',	56),
(786,	1710233836,	'Джейнау',	56),
(787,	1710233842,	'Миришкор',	56),
(788,	1710233848,	'Навбахор',	56),
(789,	1710233855,	'Помук',	56),
(790,	1710233862,	'Чаманзар',	56),
(791,	1710233865,	'Чандиp',	56),
(792,	1710233869,	'Янгиабад',	56),
(793,	1710234500,	'Гоpода pайонного подчинения Мубаpекского pайона',	57),
(794,	1710234501,	'Мубаpек',	57),
(795,	1710234550,	'Городские поселки Мубарекского района',	57),
(796,	1710234552,	'Карлик',	57),
(797,	1710234554,	'Бахт',	57),
(798,	1710234556,	'Каракум',	57),
(799,	1710234558,	'Диёнат',	57),
(800,	1710234562,	'Шайх',	57),
(801,	1710234800,	'Сельские сходы граждан Мубарекского района',	57),
(802,	1710234835,	'Каракум',	57),
(803,	1710234845,	'Муборак',	57),
(804,	1710234878,	'Карлик',	57),
(805,	1710234882,	'Саpик',	57),
(806,	1710235500,	'Города районного подчинения Нишанского района',	58),
(807,	1710235501,	'Янги-Нишан',	58),
(808,	1710235505,	'Талимарджан',	58),
(809,	1710235550,	'Городские поселки Нишанского района',	58),
(810,	1710235553,	'Нуристон',	58),
(811,	1710235555,	'Нишон',	58),
(812,	1710235557,	'Гулистан',	58),
(813,	1710235559,	'Ак алтин',	58),
(814,	1710235561,	'Сардоба',	58),
(815,	1710235565,	'Пахтачи',	58),
(816,	1710235567,	'Ойдин',	58),
(817,	1710235569,	'Самарканд',	58),
(818,	1710235571,	'Пахтаабад',	58),
(819,	1710235800,	'Сельские сходы граждан Нишанского района',	58),
(820,	1710235804,	'Ойдинлик',	58),
(821,	1710235807,	'Акалтын',	58),
(822,	1710235826,	'Кирккулоч',	58),
(823,	1710235848,	'Навруз',	58),
(824,	1710235850,	'Нишан',	58),
(825,	1710235860,	'Пахтазар',	58),
(826,	1710235874,	'Ширинабад',	58),
(827,	1710235880,	'Балхияк',	58),
(828,	1710237550,	'Городские поселки Касбинского района',	59),
(829,	1710237551,	'Муглон',	59),
(830,	1710237554,	'Денов',	59),
(831,	1710237556,	'Касби',	59),
(832,	1710237558,	'Дустлик',	59),
(833,	1710237562,	'Янги кишлок',	59),
(834,	1710237564,	'Хужа Касби',	59),
(835,	1710237566,	'Фазли',	59),
(836,	1710237568,	'Майманок',	59),
(837,	1710237572,	'Катаган',	59),
(838,	1710237800,	'Сельские сходы граждан Касбинского района',	59),
(839,	1710237822,	'Камаши',	59),
(840,	1710237825,	'Камилан',	59),
(841,	1710237833,	'Катаган',	59),
(842,	1710237840,	'Чулкувар',	59),
(843,	1710237855,	'Муглон',	59),
(844,	1710237866,	'Денау',	59),
(845,	1710237877,	'Коракунгирот',	59),
(846,	1710237882,	'Юксалиш',	59),
(847,	1710237886,	'Пахтакор',	59),
(848,	1710237890,	'Галаба',	59),
(849,	1710240550,	'Городские поселки Кукдалинского района',	60),
(850,	1710240551,	'Еттитом',	60),
(851,	1710240568,	'Чиял',	60),
(852,	1710240572,	'Кукдала',	60),
(853,	1710240575,	'Айритом',	60),
(854,	1710240800,	'Сельские сходы граждан Кукдалинского района',	60),
(855,	1710240823,	'Кокдала',	60),
(856,	1710240873,	'Нурафшон',	60),
(857,	1710240881,	'Чиел',	60),
(858,	1710240883,	'Кумдаре',	60),
(859,	1710240889,	'Шуркудук',	60),
(860,	1710240891,	'Эски Ангор',	60),
(861,	1710240893,	'Янгихает',	60),
(862,	1710240897,	'Тоpжилга',	60),
(863,	1710242500,	'Города районного подчинения Чиракчинского района',	61),
(864,	1710242501,	'Чиракчи',	61),
(865,	1710242550,	'Городские поселки Чиракчинского района',	61),
(866,	1710242553,	'Джар',	61),
(867,	1710242556,	'Уймовут',	61),
(868,	1710242559,	'Дам',	61),
(869,	1710242563,	'Паканди',	61),
(870,	1710242566,	'Пахтаобод',	61),
(871,	1710242800,	'Сельские сходы граждан Чиракчинского района',	61),
(872,	1710242811,	'Олмазор',	61),
(873,	1710242822,	'Калкама',	61),
(874,	1710242826,	'Хумо',	61),
(875,	1710242840,	'Лангар',	61),
(876,	1710242844,	'Джар',	61),
(877,	1710242856,	'Тараккиёт',	61),
(878,	1710242872,	'Уйшун',	61),
(879,	1710242886,	'Пахтаабад',	61),
(880,	1710242888,	'Додик',	61),
(881,	1710242890,	'Кахpамон',	61),
(882,	1710242892,	'Уймавут',	61),
(883,	1710242894,	'Миpзатуп',	61),
(884,	1710245550,	'Городские поселки Шахрисабзского района',	62),
(885,	1710245553,	'Мираки',	62),
(886,	1710245555,	'Кумкишлок',	62),
(887,	1710245557,	'Уртакургон',	62),
(888,	1710245561,	'Чоршанбе',	62),
(889,	1710245563,	'Темирчи',	62),
(890,	1710245565,	'Янгикишлок',	62),
(891,	1710245567,	'Кутчи',	62),
(892,	1710245569,	'Шаматон',	62),
(893,	1710245571,	'Аммогон-1',	62),
(894,	1710245573,	'Кушканот',	62),
(895,	1710245575,	'Андай',	62),
(896,	1710245583,	'Хужахуросон',	62),
(897,	1710245585,	'Келдихает',	62),
(898,	1710245800,	'Сельские сходы граждан Шахрисабзского района',	62),
(899,	1710245802,	'Аксу',	62),
(900,	1710245811,	'Дукчи',	62),
(901,	1710245818,	'Кунчикар',	62),
(902,	1710245823,	'Кутчи',	62),
(903,	1710245835,	'Муминабад',	62),
(904,	1710245840,	'Наматан',	62),
(905,	1710245851,	'Тудамайдон',	62),
(906,	1710245860,	'Узбекистан',	62),
(907,	1710245869,	'Хисарак',	62),
(908,	1710245872,	'Хитай',	62),
(909,	1710245881,	'Шакартери',	62),
(910,	1710245892,	'Шаматан',	62),
(911,	1710250500,	'Города районного подчинения Яккабагского района',	63),
(912,	1710250501,	'Яккабаг',	63),
(913,	1710250550,	'Городские поселки Яккабагского района',	63),
(914,	1710250555,	'Эски Яккабаг',	63),
(915,	1710250557,	'Алакарга',	63),
(916,	1710250558,	'Алакуйлак',	63),
(917,	1710250559,	'Жаркиргиз',	63),
(918,	1710250561,	'Кайрагач',	63),
(919,	1710250563,	'Катагон',	63),
(920,	1710250565,	'Каттабог',	63),
(921,	1710250567,	'Маданият',	63),
(922,	1710250569,	'Мевазор',	63),
(923,	1710250571,	'Самок',	63),
(924,	1710250573,	'Турон',	63),
(925,	1710250575,	'Уз',	63),
(926,	1710250577,	'Чуброн',	63),
(927,	1710250579,	'Эдилбек',	63),
(928,	1710250800,	'Сельские сходы граждан Яккабагского района',	63),
(929,	1710250811,	'Кайрагач',	63),
(930,	1710250822,	'Эсат',	63),
(931,	1710250825,	'Кошчинар',	63),
(932,	1710250833,	'Кишлик',	63),
(933,	1710250844,	'Самак',	63),
(934,	1710250855,	'Сандал',	63),
(935,	1710250858,	'Урта',	63),
(936,	1710250861,	'Чайдари',	63),
(937,	1710250866,	'Хиябан',	63),
(938,	1710401550,	'Городские поселки, подч. Каршинскому горхокимияту',	65),
(939,	1710401555,	'Кашкадарья',	65),
(940,	1712211550,	'Городские поселки Канимехского района',	68),
(941,	1712211551,	'Канимех',	68),
(942,	1712211552,	'Балакарак',	68),
(943,	1712211554,	'Мамикчи',	68),
(944,	1712211556,	'Шуртепа',	68),
(945,	1712211558,	'Зафарабад ',	68),
(946,	1712211800,	'Сельские сходы граждан Канимехского района',	68),
(947,	1712211811,	'Янгиказган',	68),
(948,	1712211818,	'Саржал',	68),
(949,	1712211822,	'Чардара',	68),
(950,	1712211826,	'Караката',	68),
(951,	1712211835,	'Учтобе',	68),
(952,	1712211840,	'Баймуpат',	68),
(953,	1712211845,	'Янгиабад',	68),
(954,	1712216500,	'Города районного подчинения Кызылтепинского района',	69),
(955,	1712216501,	'Кызылтепа',	69),
(956,	1712216550,	'Городские поселки Кызылтепинского района',	69),
(957,	1712216552,	'Хусбуддин',	69),
(958,	1712216554,	'Калъайи Азизон',	69),
(959,	1712216556,	'Баланд гардиен',	69),
(960,	1712216558,	'Гойибон',	69),
(961,	1712216560,	'Оксоч',	69),
(962,	1712216562,	'Вангози',	69),
(963,	1712216564,	'Окмачит',	69),
(964,	1712216566,	'Зарметан',	69),
(965,	1712216568,	'Гамхур',	69),
(966,	1712216572,	'Узилишкент',	69),
(967,	1712216574,	'Уртакургон',	69),
(968,	1712216576,	'Хужакургон',	69),
(969,	1712216800,	'Сельские сходы граждан Кызылтепинского района',	69),
(970,	1712216803,	'Акалтын',	69),
(971,	1712216805,	'Арабон',	69),
(972,	1712216808,	'Бустан',	69),
(973,	1712216812,	'Вангази',	69),
(974,	1712216819,	'Гардиян',	69),
(975,	1712216825,	'Зармитан',	69),
(976,	1712216840,	'Ходжахасан',	69),
(977,	1712216850,	'Янгихаят',	69),
(978,	1712230550,	'Городские поселки Навбахорского района',	70),
(979,	1712230552,	'Калконота',	70),
(980,	1712230553,	'Сарой',	70),
(981,	1712230555,	'Куйи Бешработ',	70),
(982,	1712230557,	'Кескантерак',	70),
(983,	1712230559,	'Ижант',	70),
(984,	1712230800,	'Сельские сходы граждан Навбахорского района',	70),
(985,	1712230805,	'Алчин',	70),
(986,	1712230808,	'Арабсарай',	70),
(987,	1712230815,	'Кескантерак',	70),
(988,	1712230838,	'Янгиюль',	70),
(989,	1712230855,	'Туркестан',	70),
(990,	1712230880,	'Янгикурган',	70),
(991,	1712230882,	'Бешpабот',	70),
(992,	1712234550,	'Городские поселки Карманинского района',	71),
(993,	1712234551,	'Кармана',	71),
(994,	1712234557,	'Маликработ',	71),
(995,	1712234559,	'Пахтаабад',	71),
(996,	1712234561,	'Подкорон',	71),
(997,	1712234563,	'Камолот',	71),
(998,	1712234565,	'Ешлик',	71),
(999,	1712234800,	'Сельские сходы граждан Карманинского района',	71),
(1000,	1712234802,	'Уйрат',	71),
(1001,	1712234823,	'Дорман',	71),
(1002,	1712234845,	'Нарпай',	71),
(1003,	1712234867,	'Хазара',	71),
(1004,	1712234878,	'Янгиарык',	71),
(1005,	1712234882,	'Джалаиp',	71),
(1006,	1712238500,	'Города районного подчинения Нуратинского района',	72),
(1007,	1712238501,	'Нурата',	72),
(1008,	1712238550,	'Городские поселки Нуратинского района',	72),
(1009,	1712238555,	'Кизилча',	72),
(1010,	1712238557,	'Темирковук',	72),
(1011,	1712238558,	'Чуя',	72),
(1012,	1712238559,	'Янгибино',	72),
(1013,	1712238800,	'Сельские сходы граждан Нуратинского района',	72),
(1014,	1712238820,	'Дебаланд',	72),
(1015,	1712238825,	'Гум',	72),
(1016,	1712238835,	'Гозгон',	72),
(1017,	1712238840,	'Кызылча',	72),
(1018,	1712238860,	'Нурата',	72),
(1019,	1712238877,	'Сентяб',	72),
(1020,	1712238890,	'Чуя',	72),
(1021,	1712244550,	'Городские поселки Тамдынского района',	73),
(1022,	1712244551,	'Томдибулок',	73),
(1023,	1712244800,	'Сельские сходы граждан Тамдынского района',	73),
(1024,	1712244808,	'Актау',	73),
(1025,	1712244812,	'Аякудук',	73),
(1026,	1712244830,	'Сукитти',	73),
(1027,	1712244835,	'Керегетау',	73),
(1028,	1712244837,	'Кериз',	73),
(1029,	1712244840,	'Тамдыбулак',	73),
(1030,	1712244850,	'Шиели',	73),
(1031,	1712248500,	'Города районного подчинения Учкудукского района',	74),
(1032,	1712248501,	'Учкудук',	74),
(1033,	1712248550,	'Городские поселки Учкудукского района',	74),
(1034,	1712248555,	'Шалкар',	74),
(1035,	1712248800,	'Сельские сходы граждан Учкудукского района',	74),
(1036,	1712248805,	'Кукаяз',	74),
(1037,	1712248808,	'Алтинтов',	74),
(1038,	1712248813,	'Буздун',	74),
(1039,	1712248826,	'Мингбулак',	74),
(1040,	1712248844,	'Узункудук',	74),
(1041,	1712251500,	'Гоpода pайонного подч. Хатыpчинского pайона',	75),
(1042,	1712251501,	'Янгиpабод',	75),
(1043,	1712251550,	'Городские поселки Хатырчинского района',	75),
(1044,	1712251558,	'Лянгар',	75),
(1045,	1712251562,	'Джалойир',	75),
(1046,	1712251564,	'Кушчинор',	75),
(1047,	1712251566,	'Полвонтепа',	75),
(1048,	1712251568,	'Кургон',	75),
(1049,	1712251570,	'Тасмачи',	75),
(1050,	1712251573,	'Богишамол',	75),
(1051,	1712251575,	'Галабек',	75),
(1052,	1712251577,	'Пахтакор',	75),
(1053,	1712251579,	'Туркман',	75),
(1054,	1712251581,	'Янги курилиш',	75),
(1055,	1712251800,	'Сельские сходы граждан Хатырчинского района',	75),
(1056,	1712251807,	'Саховат',	75),
(1057,	1712251812,	'Алчинабад',	75),
(1058,	1712251819,	'Узбекистон',	75),
(1059,	1712251824,	'Бахчакалан',	75),
(1060,	1712251835,	'Ханака',	75),
(1061,	1712251840,	'Каpача',	75),
(1062,	1712251851,	'им. Пулкан шаира',	75),
(1063,	1712251865,	'Янгирабод',	75),
(1064,	1712251878,	'Куксарой',	75),
(1065,	1712401550,	'Городские поселки, подч. Навоийскому горхокимияту',	77),
(1066,	1712401564,	'Тинчлик',	77),
(1067,	1712408550,	'Городские поселки, подч. Зарафшанскому горхок-ту',	78),
(1068,	1712408556,	'Мурунтау',	78),
(1069,	1714204550,	'Городские поселки Мингбулакского района',	81),
(1070,	1714204551,	'Джумашуй',	81),
(1071,	1714204552,	'Гуртепа',	81),
(1072,	1714204553,	'Довдук',	81),
(1073,	1714204555,	'Узгариш',	81),
(1074,	1714204556,	'Мехнатабад',	81),
(1075,	1714204557,	'Мадяровул',	81),
(1076,	1714204559,	'Куголикул',	81),
(1077,	1714204800,	'Сельские сходы граждан Мингбулакского района',	81),
(1078,	1714204805,	'Бустан',	81),
(1079,	1714204810,	'Гульбаг',	81),
(1080,	1714204820,	'Гуртепа',	81),
(1081,	1714204822,	'Довдук',	81),
(1082,	1714204828,	'Алтынкуль',	81),
(1083,	1714204830,	'Мехнатабад',	81),
(1084,	1714204840,	'Момохан',	81),
(1085,	1714207500,	'Города районного подчинения Касансайского района',	82),
(1086,	1714207501,	'Касансай',	82),
(1087,	1714207550,	'Городские поселки Касансайского района',	82),
(1088,	1714207552,	'Богишамол',	82),
(1089,	1714207554,	'Истиклол',	82),
(1090,	1714207556,	'Косон',	82),
(1091,	1714207558,	'Кукумбой',	82),
(1092,	1714207561,	'Озод',	82),
(1093,	1714207562,	'Тергачи',	82),
(1094,	1714207564,	'Чиндовул',	82),
(1095,	1714207566,	'Чуст куча',	82),
(1096,	1714207568,	'Янгийул',	82),
(1097,	1714207569,	'Янгишахар',	82),
(1098,	1714207800,	'Сельские сходы граждан Касансайского района',	82),
(1099,	1714207806,	'Карасув',	82),
(1100,	1714207808,	'Шиpин',	82),
(1101,	1714207810,	'Кукумбай',	82),
(1102,	1714207820,	'Касан',	82),
(1103,	1714207827,	'Ешлик',	82),
(1104,	1714207830,	'Тергачи',	82),
(1105,	1714207837,	'Чиндавал',	82),
(1106,	1714212550,	'Городские поселки Наманганского района',	83),
(1107,	1714212551,	'Ташбулак',	83),
(1108,	1714212553,	'Навбахор',	83),
(1109,	1714212561,	'Кумкургон',	83),
(1110,	1714212563,	'Шуркургон',	83),
(1111,	1714212565,	'Миришкор',	83),
(1112,	1714212800,	'Сельские сходы граждан Наманганского района',	83),
(1113,	1714212811,	'Нурафшон',	83),
(1114,	1714212822,	'Истиклол',	83),
(1115,	1714212833,	'Навбахор',	83),
(1116,	1714212855,	'Кумкурган',	83),
(1117,	1714212859,	'Миришкор',	83),
(1118,	1714212866,	'Тепакурган',	83),
(1119,	1714212877,	'Узбекистан',	83),
(1120,	1714212880,	'Ханабад',	83),
(1121,	1714212885,	'Багишамал',	83),
(1122,	1714212890,	'Шуркишлак',	83),
(1123,	1714216500,	'Города районного подчинения Нарынского района',	84),
(1124,	1714216501,	'Хаккулабад',	84),
(1125,	1714216550,	'Городские поселки Нарынского района',	84),
(1126,	1714216552,	'Коратери',	84),
(1127,	1714216554,	'Маргузар',	84),
(1128,	1714216556,	'Норинкапа',	84),
(1129,	1714216558,	'Пастки Чужа',	84),
(1130,	1714216561,	'Учтепа',	84),
(1131,	1714216562,	'Хужаабад',	84),
(1132,	1714216564,	'Чамбил',	84),
(1133,	1714216566,	'Шуро',	84),
(1134,	1714216800,	'Сельские сходы граждан Нарынского района',	84),
(1135,	1714216815,	'Хужаабад',	84),
(1136,	1714216820,	'Маргузаp',	84),
(1137,	1714216826,	'Нарынкапа',	84),
(1138,	1714216837,	'Пахтакишлак',	84),
(1139,	1714216848,	'Туда',	84),
(1140,	1714216856,	'Кургонтепа',	84),
(1141,	1714216859,	'Учтепа',	84),
(1142,	1714216862,	'Ташлак',	84),
(1143,	1714219500,	'Города районного подчинения Папского района',	85),
(1144,	1714219501,	'Пап',	85),
(1145,	1714219550,	'Городские поселки Папского района',	85),
(1146,	1714219554,	'Алтынкан',	85),
(1147,	1714219555,	'Навбахор',	85),
(1148,	1714219557,	'Уйгурсай',	85),
(1149,	1714219560,	'Халкабад',	85),
(1150,	1714219565,	'Чаркесар',	85),
(1151,	1714219567,	'Уйгур',	85),
(1152,	1714219569,	'Янги Хужаабад',	85),
(1153,	1714219571,	'Санг',	85),
(1154,	1714219573,	'Гурумсарай',	85),
(1155,	1714219575,	'Кандигон',	85),
(1156,	1714219576,	'Пунгон',	85),
(1157,	1714219578,	'Чодак',	85),
(1158,	1714219581,	'Маданият',	85),
(1159,	1714219583,	'Кургонобод',	85),
(1160,	1714219585,	'Чаркесар-2',	85),
(1161,	1714219800,	'Сельские сходы граждан Папского района',	85),
(1162,	1714219809,	'Маданият',	85),
(1163,	1714219811,	'Сирдарё',	85),
(1164,	1714219822,	'Найман',	85),
(1165,	1714219833,	'Пап',	85),
(1166,	1714219834,	'Пахтаабад',	85),
(1167,	1714219844,	'Уйгур',	85),
(1168,	1714219855,	'Гурумсарой',	85),
(1169,	1714219866,	'Чадак',	85),
(1170,	1714219877,	'Янгихаят',	85),
(1171,	1714219885,	'Пунган',	85),
(1172,	1714224500,	'Города районного подчинения Туракурганского района',	86),
(1173,	1714224501,	'Туракурган',	86),
(1174,	1714224550,	'Городские поселки Туракурганского района',	86),
(1175,	1714224554,	'Акташ',	86),
(1176,	1714224556,	'Еттикан',	86),
(1177,	1714224558,	'Яндама',	86),
(1178,	1714224561,	'Ахси',	86),
(1179,	1714224563,	'Колвак',	86),
(1180,	1714224565,	'Мизаркухна',	86),
(1181,	1714224567,	'Бураматут',	86),
(1182,	1714224569,	'Шахант',	86),
(1183,	1714224571,	'Олчин',	86),
(1184,	1714224575,	'Сарой',	86),
(1185,	1714224577,	'Катагон',	86),
(1186,	1714224579,	'Кичиккурама',	86),
(1187,	1714224581,	'Намдон',	86),
(1188,	1714224800,	'Сельские сходы граждан Туракурганского района',	86),
(1189,	1714224809,	'Ахси',	86),
(1190,	1714224812,	'Бураматут',	86),
(1191,	1714224824,	'Катагансаpай',	86),
(1192,	1714224835,	'Сайрам',	86),
(1193,	1714224846,	'Яндама',	86),
(1194,	1714224850,	'Ходжанд',	86),
(1195,	1714224857,	'Шаханд',	86),
(1196,	1714224864,	'Яртепа',	86),
(1197,	1714229550,	'Городские поселки Уйчинского района',	87),
(1198,	1714229551,	'Уйчи',	87),
(1199,	1714229555,	'Унхаят',	87),
(1200,	1714229557,	'Бирлашган',	87),
(1201,	1714229559,	'Файзиобод',	87),
(1202,	1714229561,	'Чуртук',	87),
(1203,	1714229563,	'Ахси',	87),
(1204,	1714229565,	'Джийдакапа',	87),
(1205,	1714229567,	'Кичик тошлок',	87),
(1206,	1714229569,	'Машад',	87),
(1207,	1714229573,	'Соку',	87),
(1208,	1714229575,	'Буеган',	87),
(1209,	1714229577,	'Гайрат',	87),
(1210,	1714229579,	'Зиекор',	87),
(1211,	1714229800,	'Сельские сходы граждан Уйчинского района',	87),
(1212,	1714229808,	'Гайрат',	87),
(1213,	1714229811,	'Джидакапа',	87),
(1214,	1714229815,	'Бирлашган',	87),
(1215,	1714229822,	'Тешиктош',	87),
(1216,	1714229833,	'Уйчи',	87),
(1217,	1714229844,	'Машад',	87),
(1218,	1714229855,	'Яркатай',	87),
(1219,	1714229866,	'Яркурган',	87),
(1220,	1714234500,	'Города районного подчинения Учкурганского района',	88),
(1221,	1714234501,	'Учкуpган',	88),
(1222,	1714234550,	'Городские поселки Учкурганского района',	88),
(1223,	1714234552,	'Кайки',	88),
(1224,	1714234554,	'Кугай',	88),
(1225,	1714234556,	'Учагач',	88),
(1226,	1714234558,	'Янгиабад',	88),
(1227,	1714234800,	'Сельские сходы граждан Учкурганского района',	88),
(1228,	1714234811,	'Кайки',	88),
(1229,	1714234822,	'Бахт',	88),
(1230,	1714234833,	'Кугайульмас',	88),
(1231,	1714234844,	'Кугай',	88),
(1232,	1714234851,	'Узбекистан',	88),
(1233,	1714234861,	'Янгиабад',	88),
(1234,	1714234863,	'Янгиер',	88),
(1235,	1714234870,	'Яшик',	88),
(1236,	1714236500,	'Города районного подчинения Чартакского района',	89),
(1237,	1714236501,	'Чаpтак',	89),
(1238,	1714236550,	'Городские поселки Чартакского района',	89),
(1239,	1714236552,	'Мучум',	89),
(1240,	1714236554,	'Караскан',	89),
(1241,	1714236556,	'Кушан',	89),
(1242,	1714236558,	'Айкирон',	89),
(1243,	1714236560,	'Алихон',	89),
(1244,	1714236562,	'Пастки Пешкургон',	89),
(1245,	1714236564,	'Юкори Пешкургон',	89),
(1246,	1714236566,	'Ораарык',	89),
(1247,	1714236568,	'Баликкул',	89),
(1248,	1714236572,	'Хазратишох',	89),
(1249,	1714236800,	'Сельские сходы граждан Чартакского района',	89),
(1250,	1714236803,	'Айкиран',	89),
(1251,	1714236805,	'Алихан',	89),
(1252,	1714236807,	'Багистан',	89),
(1253,	1714236809,	'Тинчлик',	89),
(1254,	1714236815,	'Караскан',	89),
(1255,	1714236820,	'Мучум',	89),
(1256,	1714236826,	'Пешкурган',	89),
(1257,	1714236853,	'Хазратишо',	89),
(1258,	1714236856,	'Сарай',	89),
(1259,	1714237500,	'Города районного подчинения Чустского района',	90),
(1260,	1714237501,	'Чуст',	90),
(1261,	1714237550,	'Городские поселки Чустского района',	90),
(1262,	1714237552,	'Олмос',	90),
(1263,	1714237554,	'Ахча',	90),
(1264,	1714237556,	'Саримсоктепа',	90),
(1265,	1714237558,	'Варзик',	90),
(1266,	1714237560,	'Коракургон',	90),
(1267,	1714237562,	'Гова',	90),
(1268,	1714237564,	'Каркидон',	90),
(1269,	1714237566,	'Карнон',	90),
(1270,	1714237568,	'Еркишлок',	90),
(1271,	1714237570,	'Шаен',	90),
(1272,	1714237572,	'Хисорак',	90),
(1273,	1714237800,	'Сельские сходы граждан Чустского района',	90),
(1274,	1714237803,	'Огасарай',	90),
(1275,	1714237805,	'Алмас',	90),
(1276,	1714237807,	'Ахча',	90),
(1277,	1714237812,	'Варзик',	90),
(1278,	1714237823,	'Гова',	90),
(1279,	1714237834,	'Каркидон',	90),
(1280,	1714237848,	'Хисарак',	90),
(1281,	1714237859,	'Баймак',	90),
(1282,	1714237870,	'Шуркент',	90),
(1283,	1714237875,	'Карнан',	90),
(1284,	1714237880,	'Шаян',	90),
(1285,	1714242550,	'Городские поселки Янгикурганского района',	91),
(1286,	1714242551,	'Янгикурган',	91),
(1287,	1714242553,	'Бекобод',	91),
(1288,	1714242555,	'Говазон',	91),
(1289,	1714242557,	'Заркент',	91),
(1290,	1714242559,	'Искавот',	91),
(1291,	1714242561,	'Калишох',	91),
(1292,	1714242563,	'Кизилкиек',	91),
(1293,	1714242565,	'Кораенгок',	91),
(1294,	1714242567,	'Кораполвон',	91),
(1295,	1714242569,	'Корачашуркент',	91),
(1296,	1714242571,	'Кукер',	91),
(1297,	1714242573,	'Навкент',	91),
(1298,	1714242575,	'Нанай',	91),
(1299,	1714242577,	'Парамон',	91),
(1300,	1714242579,	'Ровут',	91),
(1301,	1714242581,	'Сангистон',	91),
(1302,	1714242583,	'Солман',	91),
(1303,	1714242585,	'Хужашуркент',	91),
(1304,	1714242587,	'Юмалок тепа',	91),
(1305,	1714242800,	'Сельские сходы граждан Янгикурганского района',	91),
(1306,	1714242810,	'Бекабад',	91),
(1307,	1714242813,	'Бирлашкан',	91),
(1308,	1714242824,	'Зарбдор',	91),
(1309,	1714242830,	'Заркент',	91),
(1310,	1714242840,	'Карапалван',	91),
(1311,	1714242846,	'Шарк юлдузи',	91),
(1312,	1714242859,	'Нанай',	91),
(1313,	1714242862,	'Новкент',	91),
(1314,	1714242865,	'Парамон',	91),
(1315,	1714242871,	'Истиклол',	91),
(1316,	1714242875,	'Наврузабад',	91),
(1317,	1714401360,	'Районы города Наманган',	93),
(1318,	1714401365,	'Давлатободский район',	93),
(1319,	1714401367,	'Янги Наманганский район',	93),
(1320,	1718203550,	'Городские поселки Акдарьинского района',	95),
(1321,	1718203551,	'Лаиш',	95),
(1322,	1718203555,	'Дахбед',	95),
(1323,	1718203557,	'Авазали',	95),
(1324,	1718203559,	'Болта',	95),
(1325,	1718203561,	'Киркдархон',	95),
(1326,	1718203563,	'Кумушкент',	95),
(1327,	1718203565,	'Ойтамгали',	95),
(1328,	1718203567,	'Окдаре',	95),
(1329,	1718203569,	'Янгикургон',	95),
(1330,	1718203571,	'Янгиабад',	95),
(1331,	1718203800,	'Сельские сходы граждан Акдарьинского района',	95),
(1332,	1718203816,	'Зарафшан',	95),
(1333,	1718203820,	'Каратери',	95),
(1334,	1718203822,	'Навои',	95),
(1335,	1718203833,	'Примкент',	95),
(1336,	1718203844,	'Янгикент',	95),
(1337,	1718203855,	'Янгикурган',	95),
(1338,	1718206500,	'Города районного подчинения Булунгурского района',	96),
(1339,	1718206501,	'Булунгур',	96),
(1340,	1718206550,	'Городские поселки Булунгурского района',	96),
(1341,	1718206553,	'Килдон',	96),
(1342,	1718206556,	'Сохибкор',	96),
(1343,	1718206559,	'Богбон',	96),
(1344,	1718206800,	'Сельские сходы граждан Булунгурского района',	96),
(1345,	1718206811,	'Бешкутан',	96),
(1346,	1718206840,	'Кильдан',	96),
(1347,	1718206845,	'Кулчабий',	96),
(1348,	1718206850,	'Уpтабулак',	96),
(1349,	1718206856,	'им. Навои',	96),
(1350,	1718206867,	'Сахибкор',	96),
(1351,	1718206878,	'им. Ф. Юлдашева',	96),
(1352,	1718209500,	'Города районного подчинения Джамбайского района',	97),
(1353,	1718209501,	'Джамбай',	97),
(1354,	1718209550,	'Городские поселки Джамбайского района',	97),
(1355,	1718209554,	'Дехконабад',	97),
(1356,	1718209558,	'Эски Джомбой',	97),
(1357,	1718209564,	'Хужа',	97),
(1358,	1718209568,	'Газира',	97),
(1359,	1718209574,	'Катта кишлак',	97),
(1360,	1718209800,	'Сельские сходы граждан Джамбайского района',	97),
(1361,	1718209820,	'Дехканабад',	97),
(1362,	1718209822,	'Джамбай',	97),
(1363,	1718209833,	'Джурият',	97),
(1364,	1718209844,	'Кангли',	97),
(1365,	1718209848,	'Карамуюн',	97),
(1366,	1718209855,	'Кунград',	97),
(1367,	1718209866,	'Холвай',	97),
(1368,	1718209870,	'Шеркурган',	97),
(1369,	1718212500,	'Города районного подчинения Иштыханского района',	98),
(1370,	1718212501,	'Иштыхан',	98),
(1371,	1718212550,	'Городские поселки Иштыханского района',	98),
(1372,	1718212555,	'Митан',	98),
(1373,	1718212557,	'Азамат',	98),
(1374,	1718212559,	'Дамарик',	98),
(1375,	1718212561,	'Бахрин',	98),
(1376,	1718212563,	'Киркйигит',	98),
(1377,	1718212565,	'Одил',	98),
(1378,	1718212567,	'Сугот',	98),
(1379,	1718212569,	'Халкабад',	98),
(1380,	1718212571,	'Шайхислом',	98),
(1381,	1718212573,	'Шейхлар',	98),
(1382,	1718212575,	'Янгикент',	98),
(1383,	1718212577,	'Янгиработ',	98),
(1384,	1718212800,	'Сельские сходы граждан Иштыханского района',	98),
(1385,	1718212803,	'Азамат',	98),
(1386,	1718212818,	'Зарбанд',	98),
(1387,	1718212824,	'Курли',	98),
(1388,	1718212844,	'Чардара',	98),
(1389,	1718212855,	'Рават',	98),
(1390,	1718212866,	'Уртакишлак',	98),
(1391,	1718212877,	'Хакикат',	98),
(1392,	1718212879,	'Халкабад',	98),
(1393,	1718212888,	'Файзиабад',	98),
(1394,	1718215550,	'Городские поселки Каттакурганского района',	99),
(1395,	1718215551,	'Пайшанба',	99),
(1396,	1718215554,	'Сув ховузи ',	99),
(1397,	1718215558,	'Мундиен',	99),
(1398,	1718215564,	'Полвонтепа',	99),
(1399,	1718215568,	'Карадарья',	99),
(1400,	1718215574,	'Войрот',	99),
(1401,	1718215578,	'Янгикургонча',	99),
(1402,	1718215584,	'Каттаминг',	99),
(1403,	1718215800,	'Сельские сходы граждан Каттакурганского района',	99),
(1404,	1718215811,	'Гирдыкурган',	99),
(1405,	1718215815,	'Янгикуpганча',	99),
(1406,	1718215818,	'Аманбай',	99),
(1407,	1718215822,	'Дурбеш',	99),
(1408,	1718215833,	'Каттакурпа',	99),
(1409,	1718215837,	'Каттаминг',	99),
(1410,	1718215845,	'Кичикмундиян',	99),
(1411,	1718215850,	'Майбулак',	99),
(1412,	1718215867,	'Сарайкурган',	99),
(1413,	1718215889,	'Джумабай',	99),
(1414,	1718215895,	'Куштепа',	99),
(1415,	1718216550,	'Городские поселки Кушрабатского района',	100),
(1416,	1718216551,	'Кушрабад',	100),
(1417,	1718216555,	'Заркент',	100),
(1418,	1718216800,	'Сельские сходы граждан Кошрабадского района',	100),
(1419,	1718216802,	'Актепа',	100),
(1420,	1718216805,	'им. Ахунбабаева',	100),
(1421,	1718216810,	'Джуш',	100),
(1422,	1718216814,	'Зармитан',	100),
(1423,	1718216820,	'Кошрабад',	100),
(1424,	1718216825,	'Пичат',	100),
(1425,	1718216830,	'Уpганджи',	100),
(1426,	1718218500,	'Города районного подчинения Нарпайского района',	101),
(1427,	1718218501,	'Акташ',	101),
(1428,	1718218550,	'Городские поселки Нарпайского района',	101),
(1429,	1718218554,	'Мирбазар',	101),
(1430,	1718218558,	'Гулистон',	101),
(1431,	1718218564,	'Куйи Чархин',	101),
(1432,	1718218800,	'Сельские сходы граждан Нарпайского района',	101),
(1433,	1718218811,	'Алтыугил',	101),
(1434,	1718218819,	'им. Ислома Шоира',	101),
(1435,	1718218822,	'Каракуль',	101),
(1436,	1718218826,	'Косагаpан',	101),
(1437,	1718218835,	'Кадим',	101),
(1438,	1718218846,	'Чакаp',	101),
(1439,	1718218870,	'Баландкурган',	101),
(1440,	1718218872,	'Янгирабад',	101),
(1441,	1718218875,	'Каpасиpак',	101),
(1442,	1718224500,	'Гоpода pайонного подчинения Пайаpыкского pайона',	102),
(1443,	1718224501,	'Пайаpык',	102),
(1444,	1718224502,	'Челек',	102),
(1445,	1718224550,	'Городские поселки Пайарыкского района',	102),
(1446,	1718224552,	'Томойрот',	102),
(1447,	1718224554,	'Карасув',	102),
(1448,	1718224556,	'Куксарой',	102),
(1449,	1718224558,	'Гужумсой',	102),
(1450,	1718224562,	'Хужа Исмоил',	102),
(1451,	1718224564,	'Туполос',	102),
(1452,	1718224566,	'Оккургон',	102),
(1453,	1718224568,	'Дустларабад',	102),
(1454,	1718224572,	'Дустлик',	102),
(1455,	1718224800,	'Сельские сходы граждан Пайарыкского района',	102),
(1456,	1718224805,	'Аккурган',	102),
(1457,	1718224810,	'Айтамгали',	102),
(1458,	1718224815,	'Бирлашган',	102),
(1459,	1718224825,	'Уртасайдов',	102),
(1460,	1718224838,	'Чапарашли',	102),
(1461,	1718224845,	'Кокдала',	102),
(1462,	1718224848,	'Культусин',	102),
(1463,	1718224855,	'Гулистан',	102),
(1464,	1718224866,	'Карасув',	102),
(1465,	1718224877,	'Саноат',	102),
(1466,	1718224888,	'Чаштепа',	102),
(1467,	1718227500,	'Города районного подчинения Пастдаргомского района',	103),
(1468,	1718227501,	'Джума',	103),
(1469,	1718227550,	'Городские поселки Пастдаргомского района',	103),
(1470,	1718227558,	'Чархин',	103),
(1471,	1718227562,	'Чортут',	103),
(1472,	1718227564,	'Урта Чархин',	103),
(1473,	1718227566,	'Балхиен',	103),
(1474,	1718227568,	'Гузалкент',	103),
(1475,	1718227572,	'Найман',	103),
(1476,	1718227574,	'Джагалбойли',	103),
(1477,	1718227576,	'Мехнат',	103),
(1478,	1718227578,	'Хиндибойи',	103),
(1479,	1718227582,	'Агрон',	103),
(1480,	1718227584,	'Искандари',	103),
(1481,	1718227586,	'Сарибош',	103),
(1482,	1718227800,	'Сельские сходы граждан Пастдаргомского района',	103),
(1483,	1718227807,	'Арабхана',	103),
(1484,	1718227812,	'Балаташ',	103),
(1485,	1718227817,	'Гузалкент',	103),
(1486,	1718227840,	'Анхоp',	103),
(1487,	1718227842,	'Бешкахрамон',	103),
(1488,	1718227845,	'Саpибаш',	103),
(1489,	1718227848,	'Пулатчи',	103),
(1490,	1718227850,	'Намуна',	103),
(1491,	1718227860,	'Санчикуль',	103),
(1492,	1718227867,	'Тоpаpык',	103),
(1493,	1718227875,	'Дурмонтепа',	103),
(1494,	1718227880,	'Димишкиболо',	103),
(1495,	1718227890,	'Чимбай',	103),
(1496,	1718230550,	'Городские поселки Пахтачийского района',	104),
(1497,	1718230551,	'Зиатдин',	104),
(1498,	1718230553,	'Кадирист',	104),
(1499,	1718230555,	'Паст Буркут',	104),
(1500,	1718230557,	'Санчикул',	104),
(1501,	1718230559,	'Сулувкургон',	104),
(1502,	1718230561,	'Ургич',	104),
(1503,	1718230563,	'Хумор',	104),
(1504,	1718230800,	'Сельские сходы граждан Пахтачийского района',	104),
(1505,	1718230804,	'Дустобод',	104),
(1506,	1718230813,	'Хайpабад',	104),
(1507,	1718230827,	'Мисит',	104),
(1508,	1718230839,	'Султанабад',	104),
(1509,	1718230850,	'Юкори Пулатчи',	104),
(1510,	1718230861,	'Куйбок',	104),
(1511,	1718230870,	'Хумар',	104),
(1512,	1718230875,	'Карнаб',	104),
(1513,	1718233550,	'Городские поселки Самаркандского района',	105),
(1514,	1718233551,	'Гулабад',	105),
(1515,	1718233555,	'Хужа Ахрори Вали',	105),
(1516,	1718233800,	'Сельские сходы граждан Самаркандского района',	105),
(1517,	1718233806,	'Агалик',	105),
(1518,	1718233812,	'Куштамгали',	105),
(1519,	1718233819,	'Багибаланд',	105),
(1520,	1718233830,	'Даштакиболо',	105),
(1521,	1718233850,	'Каттакурганарык',	105),
(1522,	1718233856,	'Кульбапоян',	105),
(1523,	1718233880,	'Улугбек',	105),
(1524,	1718233893,	'Кайнама',	105),
(1525,	1718235500,	'Гоpода pайонного подчинения Hуpабадского pайона',	106),
(1526,	1718235501,	'Нурабад',	106),
(1527,	1718235550,	'Городские поселки Нурабадского района',	106),
(1528,	1718235556,	'Нурбулок',	106),
(1529,	1718235800,	'Сельские сходы граждан Нурабадского района',	106),
(1530,	1718235817,	'Джам',	106),
(1531,	1718235820,	'Джаркудук',	106),
(1532,	1718235833,	'Нуpбулак',	106),
(1533,	1718235840,	'Тим',	106),
(1534,	1718235843,	'Сазогон',	106),
(1535,	1718235846,	'Улус',	106),
(1536,	1718235850,	'Тутли',	106),
(1537,	1718236500,	'Города районного подчинения Ургутского района',	107),
(1538,	1718236501,	'Ургут',	107),
(1539,	1718236550,	'Городские поселки Ургутского района',	107),
(1540,	1718236553,	'Джартепа',	107),
(1541,	1718236556,	'Камангарон',	107),
(1542,	1718236559,	'Гус',	107),
(1543,	1718236563,	'Почвон',	107),
(1544,	1718236566,	'Испанза',	107),
(1545,	1718236569,	'Урамас',	107),
(1546,	1718236573,	'Кенагас',	107),
(1547,	1718236800,	'Сельские сходы граждан Ургутского района',	107),
(1548,	1718236806,	'Бешбулак',	107),
(1549,	1718236811,	'Испанза',	107),
(1550,	1718236814,	'Гус',	107),
(1551,	1718236823,	'Иланли',	107),
(1552,	1718236834,	'Каратепа',	107),
(1553,	1718236839,	'Бахpин',	107),
(1554,	1718236846,	'Джаpтепа',	107),
(1555,	1718236852,	'Уpамас',	107),
(1556,	1718236858,	'Мирзакишлак',	107),
(1557,	1718236869,	'Почван',	107),
(1558,	1718236880,	'Булокбоши',	107),
(1559,	1718236891,	'Янгиарык',	107),
(1560,	1718238550,	'Городские поселки Тайлякского района',	108),
(1561,	1718238551,	'Тайлок',	108),
(1562,	1718238554,	'Адас',	108),
(1563,	1718238558,	'Богизагон',	108),
(1564,	1718238800,	'Сельские сходы граждан Тайлякского района',	108),
(1565,	1718238805,	'Адас',	108),
(1566,	1718238815,	'Багизаган',	108),
(1567,	1718238820,	'Джумабазар',	108),
(1568,	1718238830,	'Гулба',	108),
(1569,	1718238840,	'Маданият',	108),
(1570,	1718238845,	'Сочакиболо',	108),
(1571,	1718238850,	'Тепакишлак',	108),
(1572,	1718238855,	'Тайляк',	108),
(1573,	1718238860,	'Курганча',	108),
(1574,	1718401550,	'Городские поселки, подч. Самаркандскому горхок-ту',	110),
(1575,	1718401554,	'Кимегаpлаp',	110),
(1576,	1718401556,	'Фархад',	110),
(1577,	1718401558,	'Хишрау',	110),
(1578,	1718406550,	'Городские поселки,подч. Каттакуpганскому гоpхок-ту',	111),
(1579,	1718406554,	'Ингичка',	111),
(1580,	1722201550,	'Городские поселки Алтынсайского района',	113),
(1581,	1722201551,	'Корлик',	113),
(1582,	1722201553,	'Ботош',	113),
(1583,	1722201555,	'Джобу',	113),
(1584,	1722201557,	'Ипок',	113),
(1585,	1722201559,	'Курама',	113),
(1586,	1722201561,	'Бустон',	113),
(1587,	1722201563,	'Мармин',	113),
(1588,	1722201565,	'Хайрандора',	113),
(1589,	1722201567,	'Хужасоат',	113),
(1590,	1722201569,	'Чен',	113),
(1591,	1722201571,	'Шакаркамиш',	113),
(1592,	1722201573,	'Экраз',	113),
(1593,	1722201575,	'Янгикурилиш',	113),
(1594,	1722201577,	'Гулобод',	113),
(1595,	1722201800,	'Сельские сходы граждан Алтынсайского района',	113),
(1596,	1722201801,	'Акалтын',	113),
(1597,	1722201802,	'Акарбулак',	113),
(1598,	1722201803,	'Алтынсай',	113),
(1599,	1722201804,	'Вахшивар',	113),
(1600,	1722201807,	'Дугаба',	113),
(1601,	1722201813,	'Карлук',	113),
(1602,	1722201816,	'Миршаде',	113),
(1603,	1722201820,	'Узумзор',	113),
(1604,	1722201823,	'Лутфий',	113),
(1605,	1722202550,	'Городские поселки Ангорского района',	114),
(1606,	1722202551,	'Ангор',	114),
(1607,	1722202553,	'Таллимарон',	114),
(1608,	1722202556,	'Хамкан',	114),
(1609,	1722202559,	'Карасу',	114),
(1610,	1722202561,	'Янгиабад',	114),
(1611,	1722202563,	'Таллошкан',	114),
(1612,	1722202566,	'Гиламбоб',	114),
(1613,	1722202569,	'Зартепа',	114),
(1614,	1722202571,	'Янги турмуш',	114),
(1615,	1722202573,	'Ангор',	114),
(1616,	1722202576,	'Кайран',	114),
(1617,	1722202579,	'Новшахар',	114),
(1618,	1722202800,	'Сельские сходы граждан Ангорского района',	114),
(1619,	1722202815,	'им. Навои',	114),
(1620,	1722202825,	'Дустлик',	114),
(1621,	1722202829,	'Талимаран',	114),
(1622,	1722202838,	'Корасув',	114),
(1623,	1722202840,	'Истиклол',	114),
(1624,	1722202843,	'Занг',	114),
(1625,	1722202846,	'Кайран',	114),
(1626,	1722203550,	'Городские поселки Бандихонского района',	115),
(1627,	1722203551,	'Бандихон',	115),
(1628,	1722203800,	'Сельские сходы граждан Бандихонского района',	115),
(1629,	1722204500,	'Города районного подчинения Байсунского района',	116),
(1630,	1722204501,	'Байсун',	116),
(1631,	1722204550,	'Городские поселки Байсунского района',	116),
(1632,	1722204552,	'Кофрун',	116),
(1633,	1722204554,	'Тангимуш',	116),
(1634,	1722204556,	'Пасурхи',	116),
(1635,	1722204558,	'Корабуйин',	116),
(1636,	1722204562,	'Рабат',	116),
(1637,	1722204800,	'Сельские сходы граждан Байсунского района',	116),
(1638,	1722204811,	'Кунгирот',	116),
(1639,	1722204825,	'Темир дарвоза',	116),
(1640,	1722204828,	'Курганча',	116),
(1641,	1722204830,	'Мачай',	116),
(1642,	1722204832,	'Поенкургон',	116),
(1643,	1722204843,	'Чинорли',	116),
(1644,	1722204846,	'Кетмончи',	116),
(1645,	1722207550,	'Городские поселки Музрабадского района',	117),
(1646,	1722207551,	'Халкабад',	117),
(1647,	1722207553,	'Бахт',	117),
(1648,	1722207555,	'Байналмилал',	117),
(1649,	1722207557,	'Гулистан',	117),
(1650,	1722207559,	'Ифтихор',	117),
(1651,	1722207561,	'Казоекли',	117),
(1652,	1722207563,	'Ак алтин',	117),
(1653,	1722207565,	'Таскент',	117),
(1654,	1722207567,	'Озод Ватан',	117),
(1655,	1722207569,	'Чегарачи',	117),
(1656,	1722207800,	'Сельские сходы граждан Музpабадского района',	117),
(1657,	1722207811,	'Бешкутан',	117),
(1658,	1722207815,	'Больдыр',	117),
(1659,	1722207822,	'Сархад',	117),
(1660,	1722207830,	'Каракамар',	117),
(1661,	1722207833,	'Шарк юлдузи',	117),
(1662,	1722207844,	'Музрабад',	117),
(1663,	1722207847,	'Навбахор',	117),
(1664,	1722207849,	'Абадан',	117),
(1665,	1722207863,	'Шураб',	117),
(1666,	1722210500,	'Города районного подчинения Денауского района',	118),
(1667,	1722210501,	'Денау',	118),
(1668,	1722210550,	'Городские поселки Денауского района',	118),
(1669,	1722210554,	'Дустлик',	118),
(1670,	1722210556,	'Юрчи',	118),
(1671,	1722210558,	'Кизилжар',	118),
(1672,	1722210562,	'Холчаен',	118),
(1673,	1722210564,	'Китоян',	118),
(1674,	1722210566,	'Пахтакураш',	118),
(1675,	1722210568,	'Намазгах',	118),
(1676,	1722210572,	'Джаматак',	118),
(1677,	1722210574,	'Янги Хазарбаг',	118),
(1678,	1722210576,	'Янгибаг',	118),
(1679,	1722210578,	'Дахана',	118),
(1680,	1722210582,	'Янгиабад',	118),
(1681,	1722210800,	'Сельские сходы граждан Денауского района',	118),
(1682,	1722210806,	'Анбарсай',	118),
(1683,	1722210823,	'Денау',	118),
(1684,	1722210830,	'Кенагас',	118),
(1685,	1722210834,	'Кызылжаp',	118),
(1686,	1722210838,	'Фергана',	118),
(1687,	1722210840,	'Тоpтувли',	118),
(1688,	1722210845,	'Пистамазар',	118),
(1689,	1722210850,	'Сина',	118),
(1690,	1722210864,	'Хайрабад',	118),
(1691,	1722210868,	'Хазарбаг',	118),
(1692,	1722210870,	'Халчиян',	118),
(1693,	1722210873,	'Янгибаг',	118),
(1694,	1722210875,	'Янгизамон',	118),
(1695,	1722210879,	'Юрчи',	118),
(1696,	1722210881,	'Янгиабад',	118),
(1697,	1722210883,	'Бинокоp',	118),
(1698,	1722210885,	'Дахана',	118),
(1699,	1722212500,	'Города районного подчинения Джаркурганского района',	119),
(1700,	1722212501,	'Джаркурган',	119),
(1701,	1722212550,	'Городские поселки Джаркурганского района',	119),
(1702,	1722212554,	'Какайды',	119),
(1703,	1722212558,	'Минор',	119),
(1704,	1722212564,	'Каракурсак',	119),
(1705,	1722212568,	'Марказий Сурхан',	119),
(1706,	1722212574,	'Кофрун',	119),
(1707,	1722212800,	'Сельские сходы граждан Джаркурганского района',	119),
(1708,	1722212811,	'Аккурган',	119),
(1709,	1722212833,	'Джаркурган',	119),
(1710,	1722212855,	'Дехканабад',	119),
(1711,	1722212866,	'Минор',	119),
(1712,	1722212877,	'Сурхан',	119),
(1713,	1722212880,	'Чаpджуй',	119),
(1714,	1722212889,	'Шарк-Юлдузи',	119),
(1715,	1722214500,	'Города районного подчинения Кумкурганского района',	120),
(1716,	1722214501,	'Кумкурган',	120),
(1717,	1722214550,	'Городские поселки Кумкурганского района',	120),
(1718,	1722214570,	'Хуppият',	120),
(1719,	1722214572,	'Элбаен',	120),
(1720,	1722214574,	'Элобод',	120),
(1721,	1722214576,	'Азларсай',	120),
(1722,	1722214578,	'Богара',	120),
(1723,	1722214582,	'Аксай',	120),
(1724,	1722214584,	'Джийдали',	120),
(1725,	1722214586,	'Навбахор',	120),
(1726,	1722214588,	'Карсакли',	120),
(1727,	1722214592,	'Янгиер',	120),
(1728,	1722214594,	'Джалойир',	120),
(1729,	1722214800,	'Сельские сходы граждан Кумкурганского района',	120),
(1730,	1722214803,	'Аккапчигай',	120),
(1731,	1722214810,	'Жалоир Кургони',	120),
(1732,	1722214815,	'Шерозий',	120),
(1733,	1722214818,	'Акжаp',	120),
(1734,	1722214820,	'Кумкурган',	120),
(1735,	1722214830,	'Юкары-Какайды',	120),
(1736,	1722214833,	'Кетман',	120),
(1737,	1722214836,	'Аpсланбайли',	120),
(1738,	1722215550,	'Городские поселки Кизирикского района',	121),
(1739,	1722215551,	'Сарик',	121),
(1740,	1722215553,	'Кунчикиш',	121),
(1741,	1722215556,	'Янги хает',	121),
(1742,	1722215559,	'Кармаки',	121),
(1743,	1722215563,	'Истара',	121),
(1744,	1722215800,	'Сельские сходы граждан Кизирикского района',	121),
(1745,	1722215805,	'Заркамар',	121),
(1746,	1722215841,	'Олмазор',	121),
(1747,	1722215843,	'Бандихон',	121),
(1748,	1722215845,	'Кизирик',	121),
(1749,	1722215847,	'Киршак',	121),
(1750,	1722215849,	'Чорвадор',	121),
(1751,	1722215860,	'Пахтакор',	121),
(1752,	1722215865,	'Шарк Истара',	121),
(1753,	1722215867,	'Янгиюль',	121),
(1754,	1722215870,	'Мехнатабад',	121),
(1755,	1722217500,	'Города районного подчинения Сариасийского района',	122),
(1756,	1722217505,	'Шаргунь',	122),
(1757,	1722217550,	'Городские поселки Сариасийского района',	122),
(1758,	1722217551,	'Сариасия',	122),
(1759,	1722217554,	'Янгихает',	122),
(1760,	1722217558,	'Тартули',	122),
(1761,	1722217564,	'Буйрапушт',	122),
(1762,	1722217800,	'Сельские сходы граждан Сариасийского района',	122),
(1763,	1722217812,	'Дашнабад',	122),
(1764,	1722217826,	'Навруз',	122),
(1765,	1722217828,	'Буюк келажак',	122),
(1766,	1722217832,	'Сангардак',	122),
(1767,	1722217835,	'Боги ирам',	122),
(1768,	1722217846,	'Суфиян',	122),
(1769,	1722217851,	'Такчиян',	122),
(1770,	1722217862,	'Узбекистан',	122),
(1771,	1722217880,	'Хуфар',	122),
(1772,	1722220550,	'Городские поселки Термезского района',	123),
(1773,	1722220551,	'Учкизил',	123),
(1774,	1722220553,	'Лимончи',	123),
(1775,	1722220555,	'Тажрибакор',	123),
(1776,	1722220557,	'Намуна',	123),
(1777,	1722220559,	'Ат-Термизий',	123),
(1778,	1722220561,	'Мустакиллик',	123),
(1779,	1722220563,	'Паттакесар',	123),
(1780,	1722220565,	'Чегарачи',	123),
(1781,	1722220567,	'Кизилбай',	123),
(1782,	1722220800,	'Сельские сходы граждан Термезского района',	123),
(1783,	1722220844,	'Мехнатобод',	123),
(1784,	1722220855,	'Пахтаабад',	123),
(1785,	1722220870,	'Учкизил',	123),
(1786,	1722220888,	'Янгиарык',	123),
(1787,	1722220895,	'Кокилдорота',	123),
(1788,	1722221550,	'Городские поселки Узунского района',	124),
(1789,	1722221551,	'Узун',	124),
(1790,	1722221553,	'Чинар',	124),
(1791,	1722221556,	'Уланкул',	124),
(1792,	1722221559,	'Карашик',	124),
(1793,	1722221563,	'Янги куч',	124),
(1794,	1722221566,	'Джанчекка',	124),
(1795,	1722221569,	'Маландиян',	124),
(1796,	1722221573,	'Мехнат',	124),
(1797,	1722221576,	'Янги рузгор',	124),
(1798,	1722221800,	'Сельские сходы граждан Узунского района',	124),
(1799,	1722221806,	'Бабатаг',	124),
(1800,	1722221816,	'Джанчека',	124),
(1801,	1722221824,	'им. Файзова',	124),
(1802,	1722221856,	'Тельпакчинар',	124),
(1803,	1722221868,	'Узун',	124),
(1804,	1722221875,	'Акастана',	124),
(1805,	1722221880,	'Хондиза',	124),
(1806,	1722223500,	'Города районного подчинения Шерабадского района',	125),
(1807,	1722223501,	'Шерабад',	125),
(1808,	1722223550,	'Городские поселки Шерабадского района',	125),
(1809,	1722223552,	'Зарабаг',	125),
(1810,	1722223554,	'Килкон',	125),
(1811,	1722223556,	'Навбаг',	125),
(1812,	1722223558,	'Пахтаабад',	125),
(1813,	1722223562,	'Сарикамиш',	125),
(1814,	1722223564,	'Чуйинчи',	125),
(1815,	1722223566,	'Янги арик',	125),
(1816,	1722223800,	'Сельские сходы граждан Шерабадского района',	125),
(1817,	1722223810,	'Аккурган',	125),
(1818,	1722223822,	'Кухитанг',	125),
(1819,	1722223833,	'Саpикамиш',	125),
(1820,	1722223854,	'Сеплан',	125),
(1821,	1722223856,	'Талашкан',	125),
(1822,	1722223858,	'Рабатаг',	125),
(1823,	1722223865,	'Янгитурмуш',	125),
(1824,	1722223867,	'Бустансай',	125),
(1825,	1722223870,	'Чинабад',	125),
(1826,	1722226500,	'Города районного подчинения Шурчинского района',	126),
(1827,	1722226501,	'Шурчи',	126),
(1828,	1722226550,	'Городские поселки Шурчинского района',	126),
(1829,	1722226554,	'Элбаен',	126),
(1830,	1722226558,	'Тула',	126),
(1831,	1722226562,	'Ялти',	126),
(1832,	1722226564,	'Хушчека',	126),
(1833,	1722226566,	'Куштегирмон',	126),
(1834,	1722226568,	'Катта совур',	126),
(1835,	1722226572,	'Карвон',	126),
(1836,	1722226574,	'Гармакурган',	126),
(1837,	1722226576,	'Джаркишлок',	126),
(1838,	1722226578,	'Джайилма',	126),
(1839,	1722226800,	'Сельские сходы граждан Шурчинского района',	126),
(1840,	1722226816,	'Кулдош',	126),
(1841,	1722226820,	'Алпомиш',	126),
(1842,	1722226824,	'Бахтлитепа',	126),
(1843,	1722226844,	'Совур',	126),
(1844,	1722226852,	'Элабад',	126),
(1845,	1722226863,	'Сахибкор',	126),
(1846,	1722226866,	'Дальверзин',	126),
(1847,	1722226869,	'Джалаир',	126),
(1848,	1722226872,	'Шурчи',	126),
(1849,	1722226882,	'Янгибазар',	126),
(1850,	1724206550,	'Городские поселки Акалтынского района',	130),
(1851,	1724206551,	'Сардоба',	130),
(1852,	1724206552,	'Фергана',	130),
(1853,	1724206554,	'Андижон',	130),
(1854,	1724206800,	'Сельские сходы граждан Акалтынского pайона',	130),
(1855,	1724206814,	'Бустан',	130),
(1856,	1724206824,	'Ахиллик',	130),
(1857,	1724206850,	'Шадлик',	130),
(1858,	1724212550,	'Городские поселки Баяутского района',	131),
(1859,	1724212551,	'Баяут',	131),
(1860,	1724212552,	'Марказ',	131),
(1861,	1724212553,	'Бекат',	131),
(1862,	1724212554,	'Дустлик',	131),
(1863,	1724212800,	'Сельские сходы граждан Баяутского района',	131),
(1864,	1724212811,	'Баяут',	131),
(1865,	1724212818,	'Галлакор',	131),
(1866,	1724212830,	'Дарбазакыр',	131),
(1867,	1724212834,	'Дехканабад',	131),
(1868,	1724212847,	'Алмазар',	131),
(1869,	1724212850,	'Мингчинар',	131),
(1870,	1724212855,	'Буюк юрт',	131),
(1871,	1724212861,	'Табаррук',	131),
(1872,	1724212865,	'Маданият',	131),
(1873,	1724212868,	'Дустлик',	131),
(1874,	1724212875,	'Лайлакуль',	131),
(1875,	1724212880,	'Тинчлик',	131),
(1876,	1724216550,	'Городские поселки Сайхунабадского района',	132),
(1877,	1724216551,	'Сайхун',	132),
(1878,	1724216553,	'Сохил',	132),
(1879,	1724216555,	'Шурузак',	132),
(1880,	1724216557,	'Пахтакон',	132),
(1881,	1724216800,	'Сельские сходы граждан Сайхунабадского района',	132),
(1882,	1724216811,	'Иттифак',	132),
(1883,	1724216822,	'Гулистан',	132),
(1884,	1724216827,	'Нурата',	132),
(1885,	1724216830,	'Узбекистон',	132),
(1886,	1724216833,	'Истиклол',	132),
(1887,	1724216844,	'Шурузяк',	132),
(1888,	1724216855,	'Янгихаят',	132),
(1889,	1724220550,	'Городские поселки Гулистанского района',	133),
(1890,	1724220551,	'Дехканабад',	133),
(1891,	1724220552,	'Хулкар',	133),
(1892,	1724220553,	'Бешбулак',	133),
(1893,	1724220554,	'Улугбек',	133),
(1894,	1724220556,	'Халкакул',	133),
(1895,	1724220800,	'Сельские сходы граждан Гулистанского района',	133),
(1896,	1724220805,	'Алтынтепа',	133),
(1897,	1724220816,	'Саибобод',	133),
(1898,	1724220820,	'Хумо',	133),
(1899,	1724220823,	'Кунчи',	133),
(1900,	1724220827,	'Бешбулак',	133),
(1901,	1724220835,	'Чоpток',	133),
(1902,	1724220846,	'Олтин Уpда',	133),
(1903,	1724220879,	'Зарбдар',	133),
(1904,	1724220882,	'Сахилабад',	133),
(1905,	1724226550,	'Городские поселки  Сардобского района',	134),
(1906,	1724226551,	'Пахтаабад',	134),
(1907,	1724226800,	'Сельские сходы граждан Сардобского района',	134),
(1908,	1724226811,	'Чулкуваp',	134),
(1909,	1724226822,	'Гулистон',	134),
(1910,	1724226833,	'Янгикишлак',	134),
(1911,	1724226844,	'Гульзар',	134),
(1912,	1724226855,	'Янгиабад',	134),
(1913,	1724226865,	'Куpгантепа',	134),
(1914,	1724228550,	'Городские поселки Мирзаабадского района',	135),
(1915,	1724228551,	'Навруз',	135),
(1916,	1724228552,	'Акалтин',	135),
(1917,	1724228800,	'Сельские сходы граждан Мирзаабадского района',	135),
(1918,	1724228805,	'Бахористан',	135),
(1919,	1724228818,	'Акалтын',	135),
(1920,	1724228830,	'Мехнатабад',	135),
(1921,	1724228832,	'Мирзачуль',	135),
(1922,	1724228835,	'Навбахор',	135),
(1923,	1724228838,	'Ташкент',	135),
(1924,	1724228845,	'Биpлашган',	135),
(1925,	1724228860,	'Нуpафшан',	135),
(1926,	1724228869,	'Юлдашабад',	135),
(1927,	1724231500,	'Города районного подчинения Сырдарьинского района',	136),
(1928,	1724231501,	'Сыpдаpья',	136),
(1929,	1724231503,	'Бахт',	136),
(1930,	1724231550,	'Городские поселки Сырдарьинского района',	136),
(1931,	1724231552,	'Куеш',	136),
(1932,	1724231553,	'Малек',	136),
(1933,	1724231554,	'Зиекор',	136),
(1934,	1724231555,	'Дж.Маманов',	136),
(1935,	1724231800,	'Сельские сходы граждан Сырдарьинского района',	136),
(1936,	1724231811,	'Хакикат',	136),
(1937,	1724231822,	'Туpон',	136),
(1938,	1724231827,	'Халкабад',	136),
(1939,	1724231833,	'Малик',	136),
(1940,	1724231844,	'Ойдин',	136),
(1941,	1724231848,	'Пахтазор',	136),
(1942,	1724231855,	'Сырдарья',	136),
(1943,	1724231866,	'Чултукай',	136),
(1944,	1724231870,	'Шаликор',	136),
(1945,	1724235550,	'Городские поселки Хавасского района',	137),
(1946,	1724235551,	'Хавас',	137),
(1947,	1724235553,	'Гулбахор',	137),
(1948,	1724235800,	'Сельские сходы граждан Хавасского района',	137),
(1949,	1724235805,	'Бинокор',	137),
(1950,	1724235808,	'Гульбахор',	137),
(1951,	1724235813,	'Зафарабад',	137),
(1952,	1724235817,	'Пахтакор',	137),
(1953,	1724235820,	'Сахибкор',	137),
(1954,	1724235821,	'Туpкистан',	137),
(1955,	1724235822,	'Фархад',	137),
(1956,	1724235835,	'Хаватаг',	137),
(1957,	1724235837,	'Хуснабад',	137),
(1958,	1724235839,	'Чаманзар',	137),
(1959,	1724235843,	'Кахрамон',	137),
(1960,	1724401800,	'Сельские сходы гр-н, подч. Гулистанскому горхок-ту',	139),
(1961,	1724401807,	'Улугабад',	139),
(1962,	1724401810,	'Дустлик',	139),
(1963,	1724401815,	'Бахор',	139),
(1964,	1726269550,	'Городские поселки,подч. хок-ту М.Улугбекского р-на',	146),
(1965,	1726269558,	'Улугбек',	146),
(1966,	1727206500,	'Города районного подчинения Аккурганского района',	156),
(1967,	1727206501,	'Аккурган',	156),
(1968,	1727206550,	'Городские поселки Аккуpганского pайона',	156),
(1969,	1727206554,	'Алимкент',	156),
(1970,	1727206558,	'Хамзаабад',	156),
(1971,	1727206800,	'Сельские сходы граждан Аккурганского района',	156),
(1972,	1727206804,	'Айтамгали',	156),
(1973,	1727206806,	'Аккурган',	156),
(1974,	1727206808,	'Аччи',	156),
(1975,	1727206820,	'Дустлик',	156),
(1976,	1727206822,	'Зарбдар',	156),
(1977,	1727206824,	'Шохрухия',	156),
(1978,	1727206838,	'Эpкинлик',	156),
(1979,	1727206846,	'Зафар',	156),
(1980,	1727206854,	'Таштуган',	156),
(1981,	1727206865,	'Элтамгалы',	156),
(1982,	1727212550,	'Городские поселки Ахангаранского района',	157),
(1983,	1727212552,	'Ен-арик',	157),
(1984,	1727212554,	'Каракитай',	157),
(1985,	1727212556,	'Телов',	157),
(1986,	1727212558,	'Эйвалек',	157),
(1987,	1727212800,	'Сельские сходы граждан Ахангаранского района',	157),
(1988,	1727212811,	'Увак',	157),
(1989,	1727212814,	'Бирлик',	157),
(1990,	1727212820,	'Дустлик',	157),
(1991,	1727212822,	'Курама',	157),
(1992,	1727212833,	'Карахтай',	157),
(1993,	1727212846,	'Озодлик',	157),
(1994,	1727212854,	'Сусам',	157),
(1995,	1727212865,	'Телав',	157),
(1996,	1727220550,	'Городские поселки Бекабадского района',	158),
(1997,	1727220551,	'Зафар',	158),
(1998,	1727220553,	'Бобур',	158),
(1999,	1727220557,	'Куркам',	158),
(2000,	1727220559,	'Хос',	158),
(2001,	1727220561,	'Гулзор',	158),
(2002,	1727220800,	'Сельские сходы граждан Бекабадского района',	158),
(2003,	1727220804,	'Муйинкум',	158),
(2004,	1727220808,	'Бахористан',	158),
(2005,	1727220811,	'Бекабад',	158),
(2006,	1727220822,	'Дальверзин',	158),
(2007,	1727220825,	'Гулистан',	158),
(2008,	1727220827,	'Маданият',	158),
(2009,	1727220835,	'Джумабазар',	158),
(2010,	1727220846,	'Кият',	158),
(2011,	1727220857,	'Мехнатабад',	158),
(2012,	1727220868,	'Янгикургон',	158),
(2013,	1727220879,	'Чанак',	158),
(2014,	1727220890,	'Янгихаят',	158),
(2015,	1727224500,	'Города районного подчинения Бостанлыкского района',	159),
(2016,	1727224501,	'Газалкент',	159),
(2017,	1727224550,	'Городские поселки Бостанлыкского района',	159),
(2018,	1727224554,	'Искандар',	159),
(2019,	1727224558,	'Чарвак',	159),
(2020,	1727224560,	'Бурчмулло',	159),
(2021,	1727224562,	'Паргос',	159),
(2022,	1727224564,	'Сари Канли',	159),
(2023,	1727224566,	'Собир Рахимов',	159),
(2024,	1727224568,	'Сойлик',	159),
(2025,	1727224572,	'Талпин',	159),
(2026,	1727224574,	'Тулабе',	159),
(2027,	1727224576,	'Уенкулсай',	159),
(2028,	1727224578,	'Хумсон',	159),
(2029,	1727224582,	'Хужа',	159),
(2030,	1727224584,	'Хужакент',	159),
(2031,	1727224586,	'Чинор',	159),
(2032,	1727224588,	'Коронкул',	159),
(2033,	1727224592,	'Курбонов',	159),
(2034,	1727224594,	'Кушкурган',	159),
(2035,	1727224800,	'Сельские сходы граждан Бостанлыкского района',	159),
(2036,	1727224810,	'Бостанлык',	159),
(2037,	1727224815,	'Чимган',	159),
(2038,	1727224822,	'Газалкент',	159),
(2039,	1727224827,	'Хумсан',	159),
(2040,	1727224833,	'Думалак',	159),
(2041,	1727224835,	'Нанай',	159),
(2042,	1727224838,	'Караманас',	159),
(2043,	1727224845,	'Кошкурган',	159),
(2044,	1727224850,	'Чимбайлык',	159),
(2045,	1727224856,	'Сайлык',	159),
(2046,	1727224860,	'Сиджак',	159),
(2047,	1727224865,	'Паpгос',	159),
(2048,	1727224867,	'Пском',	159),
(2049,	1727224878,	'Хужакент',	159),
(2050,	1727224889,	'Хандайлык',	159),
(2051,	1727224893,	'Янгиаул',	159),
(2052,	1727224895,	'Азадбаш',	159),
(2053,	1727224897,	'Богустан',	159),
(2054,	1727228500,	'Города районного подчинения Букинского района',	160),
(2055,	1727228501,	'Бука',	160),
(2056,	1727228800,	'Сельские сходы граждан Букинского района',	160),
(2057,	1727228803,	'Ифтихор',	160),
(2058,	1727228811,	'Каракуйли',	160),
(2059,	1727228822,	'Туpон',	160),
(2060,	1727228833,	'Кокарал',	160),
(2061,	1727228835,	'Коштепа',	160),
(2062,	1727228844,	'Намуна',	160),
(2063,	1727228855,	'Рават',	160),
(2064,	1727228866,	'Чигатай',	160),
(2065,	1727233500,	'Города районного подчинения Куйичирчикского района',	161),
(2066,	1727233501,	'Дустобод',	161),
(2067,	1727233550,	'Городские поселки Куйичирчикского района',	161),
(2068,	1727233552,	'Курганча',	161),
(2069,	1727233554,	'Пахтазор',	161),
(2070,	1727233800,	'Сельские сходы граждан Куйичирчикского района',	161),
(2071,	1727233804,	'Гуль',	161),
(2072,	1727233810,	'Кетментепа',	161),
(2073,	1727233815,	'Майдантал',	161),
(2074,	1727233830,	'Курганча',	161),
(2075,	1727233840,	'Маънавият',	161),
(2076,	1727233850,	'Маърифат',	161),
(2077,	1727233860,	'Узбекистан',	161),
(2078,	1727233870,	'Ташаул',	161),
(2079,	1727233872,	'Ташлак',	161),
(2080,	1727237550,	'Городские поселки Зангиатинского района',	162),
(2081,	1727237552,	'Эшангузар',	162),
(2082,	1727237558,	'Уртааул',	162),
(2083,	1727237562,	'Ханабад',	162),
(2084,	1727237564,	'Эркин',	162),
(2085,	1727237566,	'Куешли',	162),
(2086,	1727237568,	'Далигузар',	162),
(2087,	1727237571,	'Пасдархон',	162),
(2088,	1727237572,	'Тарнов',	162),
(2089,	1727237574,	'Зангиата',	162),
(2090,	1727237576,	'Назарбек',	162),
(2091,	1727237578,	'Ахмад Яссавий',	162),
(2092,	1727237582,	'Улугбек',	162),
(2093,	1727237800,	'Сельские сходы граждан Зангиатинского района',	162),
(2094,	1727237809,	'Туркистон',	162),
(2095,	1727237818,	'Катартал',	162),
(2096,	1727237832,	'Чигатай-Актепа',	162),
(2097,	1727237836,	'Назарбек',	162),
(2098,	1727237840,	'Зангиата',	162),
(2099,	1727237852,	'Узгариш',	162),
(2100,	1727237859,	'Боз-су',	162),
(2101,	1727237870,	'Ханабад',	162),
(2102,	1727237875,	'Эркин',	162),
(2103,	1727239550,	'Городские поселки Юкоричирчикского района',	163),
(2104,	1727239551,	'Янгибазар',	163),
(2105,	1727239553,	'Мирабад',	163),
(2106,	1727239555,	'Китай тепа',	163),
(2107,	1727239800,	'Сельские сходы граждан Юкоричирчикского района',	163),
(2108,	1727239806,	'Акаоул',	163),
(2109,	1727239812,	'Арганчи',	163),
(2110,	1727239823,	'Барданкуль',	163),
(2111,	1727239830,	'Джамбул',	163),
(2112,	1727239835,	'Саксан-ата',	163),
(2113,	1727239840,	'Навруз',	163),
(2114,	1727239867,	'Истиклол',	163),
(2115,	1727239882,	'Суранкент',	163),
(2116,	1727239885,	'Тинчлик',	163),
(2117,	1727248550,	'Городские поселки Кибрайского района',	164),
(2118,	1727248551,	'Кибрай',	164),
(2119,	1727248556,	'Салар',	164),
(2120,	1727248558,	'Аргин',	164),
(2121,	1727248559,	'Тараккиет',	164),
(2122,	1727248561,	'Алишерабад',	164),
(2123,	1727248563,	'Геофизика',	164),
(2124,	1727248565,	'Дурмон',	164),
(2125,	1727248567,	'Ешлик',	164),
(2126,	1727248569,	'Куприк боши',	164),
(2127,	1727248571,	'Маданият',	164),
(2128,	1727248573,	'Мустакиллик',	164),
(2129,	1727248575,	'Нурафшон',	164),
(2130,	1727248577,	'Уймамут',	164),
(2131,	1727248579,	'Ункургон-1',	164),
(2132,	1727248581,	'Уткир',	164),
(2133,	1727248583,	'Х.Амиров',	164),
(2134,	1727248800,	'Сельские сходы граждан Кибрайского района',	164),
(2135,	1727248811,	'Байткурган',	164),
(2136,	1727248820,	'Янгиабад',	164),
(2137,	1727248844,	'Ункурган',	164),
(2138,	1727248848,	'Кипчак',	164),
(2139,	1727248855,	'Зафаробод',	164),
(2140,	1727248860,	'Окковок',	164),
(2141,	1727248866,	'Дурмон',	164),
(2142,	1727248877,	'Тузель',	164),
(2143,	1727248888,	'Чинабад',	164),
(2144,	1727248895,	'Енарык',	164),
(2145,	1727249500,	'Города районного подчинения Паркентского района',	165),
(2146,	1727249501,	'Паркент',	165),
(2147,	1727249550,	'Городские поселки Паркентского района',	165),
(2148,	1727249553,	'Куеш',	165),
(2149,	1727249555,	'Кургантепа',	165),
(2150,	1727249557,	'Чинорли',	165),
(2151,	1727249800,	'Сельские сходы граждан Паркентского района',	165),
(2152,	1727249811,	'Заркент',	165),
(2153,	1727249815,	'Каракалпак',	165),
(2154,	1727249817,	'Бустан',	165),
(2155,	1727249825,	'Намданак',	165),
(2156,	1727249830,	'Паркент',	165),
(2157,	1727249836,	'Сукок',	165),
(2158,	1727249850,	'Хисарак',	165),
(2159,	1727249855,	'Бошкизилсой',	165),
(2160,	1727249860,	'Чанги',	165),
(2161,	1727250500,	'Города районного подчинения Пскентского района',	166),
(2162,	1727250501,	'Пскент',	166),
(2163,	1727250550,	'Городские поселки Пскентского района',	166),
(2164,	1727250554,	'Муротали',	166),
(2165,	1727250558,	'Саид',	166),
(2166,	1727250800,	'Сельские сходы граждан Пскентского района',	166),
(2167,	1727250811,	'Актепа',	166),
(2168,	1727250822,	'Дунгкурган',	166),
(2169,	1727250833,	'Керавчи',	166),
(2170,	1727250844,	'Муратали',	166),
(2171,	1727250855,	'Кариз',	166),
(2172,	1727250860,	'Саид',	166),
(2173,	1727253550,	'Городские поселки Уртачирчикского района',	167),
(2174,	1727253555,	'Туябугуз',	167),
(2175,	1727253561,	'Кучлик',	167),
(2176,	1727253565,	'Корасув',	167),
(2177,	1727253569,	'Шоликор',	167),
(2178,	1727253800,	'Сельские сходы граждан Уртачирчикского района',	167),
(2179,	1727253808,	'Ангар',	167),
(2180,	1727253813,	'Кумовул',	167),
(2181,	1727253820,	'Карасу',	167),
(2182,	1727253832,	'Ок- ота',	167),
(2183,	1727253834,	'Хакикат',	167),
(2184,	1727253841,	'им. Навои',	167),
(2185,	1727253849,	'Юнучкала',	167),
(2186,	1727253860,	'Пахтаабад',	167),
(2187,	1727253863,	'Пахтакор',	167),
(2188,	1727253865,	'Урта-Сарай',	167),
(2189,	1727253871,	'Истикбол',	167),
(2190,	1727253875,	'Янгитурмуш',	167),
(2191,	1727253880,	'Уйшун',	167),
(2192,	1727256500,	'Города районного подчинения Чиназского района',	168),
(2193,	1727256501,	'Чиназ',	168),
(2194,	1727256550,	'Городские поселки Чиназского района',	168),
(2195,	1727256553,	'Алмазар',	168),
(2196,	1727256555,	'Янги Чиназ',	168),
(2197,	1727256557,	'Гулзорабад',	168),
(2198,	1727256559,	'Дустлик',	168),
(2199,	1727256561,	'Пахта',	168),
(2200,	1727256563,	'А.Темур',	168),
(2201,	1727256565,	'Бирлик',	168),
(2202,	1727256567,	'Чорвадор',	168),
(2203,	1727256569,	'Кир',	168),
(2204,	1727256800,	'Сельские сходы граждан Чиназского района',	168),
(2205,	1727256813,	'Ислохат',	168),
(2206,	1727256815,	'Эшонобод',	168),
(2207,	1727256826,	'Туpкистан',	168),
(2208,	1727256836,	'Узбекистан',	168),
(2209,	1727256840,	'Чиназ',	168),
(2210,	1727256853,	'Эски-Ташкент',	168),
(2211,	1727256860,	'Кутарма',	168),
(2212,	1727256864,	'Яллама',	168),
(2213,	1727259550,	'Городские поселки Янгиюльского района',	169),
(2214,	1727259553,	'Гульбахор',	169),
(2215,	1727259555,	'Бозсу',	169),
(2216,	1727259557,	'Нов',	169),
(2217,	1727259559,	'Кирсадок',	169),
(2218,	1727259563,	'Ковунчи',	169),
(2219,	1727259800,	'Сельские сходы граждан Янгиюльского района',	169),
(2220,	1727259804,	'Йугонтепа',	169),
(2221,	1727259814,	'Халкабад',	169),
(2222,	1727259825,	'Хонкургон',	169),
(2223,	1727259834,	'Навбахор',	169),
(2224,	1727259837,	'Ниязбаш',	169),
(2225,	1727259848,	'Кушегоч',	169),
(2226,	1727259871,	'Шуралисай',	169),
(2227,	1727259882,	'Эски-Каунчи',	169),
(2228,	1727265500,	'Города районного подчинения Ташкентского района',	170),
(2229,	1727265501,	'Келес',	170),
(2230,	1727265550,	'Городские поселки Ташкентского района',	170),
(2231,	1727265553,	'З.Жалилов',	170),
(2232,	1727265555,	'Куксарай',	170),
(2233,	1727265557,	'Кенсай',	170),
(2234,	1727265559,	'Сабзавот',	170),
(2235,	1727265563,	'М.Фозилов',	170),
(2236,	1727265565,	'Шамсиабад',	170),
(2237,	1727265567,	'Чигатай',	170),
(2238,	1727265569,	'Хасанбой',	170),
(2239,	1727265573,	'Кашкарлик',	170),
(2240,	1727265800,	'Сельские сходы граждан Ташкентского района',	170),
(2241,	1727265811,	'Кук-Терак',	170),
(2242,	1727265813,	'Чувалачи',	170),
(2243,	1727265816,	'Масалбай',	170),
(2244,	1727265819,	'Кизгалдак',	170),
(2245,	1727265825,	'Куксарай',	170),
(2246,	1727265828,	'Хасанбай',	170),
(2247,	1727265833,	'Гулистан',	170),
(2248,	1727265836,	'Юнусабад',	170),
(2249,	1727265839,	'Чаштепа',	170),
(2250,	1727407500,	'Города, подчиненные Ангренскому горхокимияту',	174),
(2251,	1727407505,	'Янгиабад',	174),
(2252,	1727407550,	'Городские поселки, подч. Ангренскому горхокимияту',	174),
(2253,	1727407554,	'Красногорск',	174),
(2254,	1727407558,	'Нурабад',	174),
(2255,	1730203500,	'Города районного подчинения Алтыарыкского района',	180),
(2256,	1730203508,	'Тинчлик',	180),
(2257,	1730203550,	'Городские поселки Алтыарыкского района',	180),
(2258,	1730203551,	'Алтыарык',	180),
(2259,	1730203552,	'Чинор',	180),
(2260,	1730203554,	'Азимабад',	180),
(2261,	1730203556,	'Бурбалик',	180),
(2262,	1730203558,	'Джурек',	180),
(2263,	1730203562,	'Зилха',	180),
(2264,	1730203564,	'Катпут',	180),
(2265,	1730203566,	'Окбуйра',	180),
(2266,	1730203568,	'Повулган',	180),
(2267,	1730203570,	'Паласан',	180),
(2268,	1730203572,	'Чордара',	180),
(2269,	1730203574,	'Эскиараб',	180),
(2270,	1730203576,	'Янгиараб',	180),
(2271,	1730203578,	'Янгикурган',	180),
(2272,	1730203800,	'Сельские сходы граждан Алтыарыкского района',	180),
(2273,	1730203804,	'Акбуйра',	180),
(2274,	1730203806,	'Алтыарык',	180),
(2275,	1730203810,	'Янгиараб',	180),
(2276,	1730203812,	'Бурбалык',	180),
(2277,	1730203820,	'Гайрат',	180),
(2278,	1730203824,	'Джурек',	180),
(2279,	1730203840,	'Кызылтепа',	180),
(2280,	1730203842,	'Паласан',	180),
(2281,	1730203848,	'Файзиабад',	180),
(2282,	1730203870,	'Тошкургон',	180),
(2283,	1730203875,	'Капчугай',	180),
(2284,	1730203881,	'Павулган',	180),
(2285,	1730203885,	'Катпут',	180),
(2286,	1730203890,	'Зилха',	180),
(2287,	1730203895,	'Азимабад',	180),
(2288,	1730206550,	'Городские поселки Куштепинского района',	181),
(2289,	1730206553,	'Болтакул',	181),
(2290,	1730206555,	'Гиштмон',	181),
(2291,	1730206557,	'Дурмон',	181),
(2292,	1730206559,	'Катта бешкапа',	181),
(2293,	1730206561,	'Кизиларик',	181),
(2294,	1730206563,	'Каражийда',	181),
(2295,	1730206565,	'Каракалтак',	181),
(2296,	1730206567,	'Кумтепа',	181),
(2297,	1730206569,	'Куйи Октепа',	181),
(2298,	1730206571,	'Сармозор',	181),
(2299,	1730206573,	'Хотинарык',	181),
(2300,	1730206575,	'Шахартепа',	181),
(2301,	1730206577,	'Эшонгузар',	181),
(2302,	1730206579,	'Янгиарык',	181),
(2303,	1730206800,	'Сельские сходы граждан Куштеринского района',	181),
(2304,	1730206806,	'Файз',	181),
(2305,	1730206815,	'Дуpман',	181),
(2306,	1730206822,	'Каракушчи',	181),
(2307,	1730206825,	'Кумтепа',	181),
(2308,	1730206827,	'Саримазар',	181),
(2309,	1730206830,	'Салиджанабад',	181),
(2310,	1730206834,	'Лянгар',	181),
(2311,	1730206841,	'Пахтакор',	181),
(2312,	1730206854,	'Укчи',	181),
(2313,	1730206862,	'Халкабад',	181),
(2314,	1730206876,	'Шахартепа',	181),
(2315,	1730206885,	'Юлдашабад',	181),
(2316,	1730206890,	'Лайсан',	181),
(2317,	1730206895,	'Балтакуль',	181),
(2318,	1730206898,	'Гиштман',	181),
(2319,	1730209550,	'Городские поселки Багдадского района',	182),
(2320,	1730209551,	'Багдад',	182),
(2321,	1730209553,	'Амиробод',	182),
(2322,	1730209555,	'Майлавой',	182),
(2323,	1730209557,	'Олтин водий',	182),
(2324,	1730209559,	'Богишамол',	182),
(2325,	1730209561,	'Бордон',	182),
(2326,	1730209563,	'Дурманча',	182),
(2327,	1730209565,	'Иргали',	182),
(2328,	1730209567,	'Каракчитол',	182),
(2329,	1730209569,	'Кахат',	182),
(2330,	1730209571,	'Киркболды',	182),
(2331,	1730209573,	'Конизар',	182),
(2332,	1730209575,	'Куштегирмон',	182),
(2333,	1730209577,	'Маткулабад',	182),
(2334,	1730209579,	'Мирзаабад',	182),
(2335,	1730209581,	'Самандарак',	182),
(2336,	1730209583,	'Самарканд',	182),
(2337,	1730209585,	'Ултарма',	182),
(2338,	1730209587,	'Хуснабад',	182),
(2339,	1730209589,	'Чекмирзаабад',	182),
(2340,	1730209591,	'Чуринди',	182),
(2341,	1730209800,	'Сельские сходы граждан Багдадского района',	182),
(2342,	1730209810,	'Зафарабад',	182),
(2343,	1730209820,	'Амирабад',	182),
(2344,	1730209823,	'Каракчитал',	182),
(2345,	1730209824,	'Маткулабад',	182),
(2346,	1730209826,	'Тинчлик',	182),
(2347,	1730209834,	'Пахтаабад',	182),
(2348,	1730209845,	'Ультарма',	182),
(2349,	1730209856,	'Чуваланчи',	182),
(2350,	1730209860,	'Дорманча',	182),
(2351,	1730209865,	'Самарканд',	182),
(2352,	1730212550,	'Городские поселки Бувайдинского района',	183),
(2353,	1730212551,	'Ибрат',	183),
(2354,	1730212553,	'Юкори Бачкир',	183),
(2355,	1730212555,	'Куйи Бачкир',	183),
(2356,	1730212557,	'Чинабад',	183),
(2357,	1730212559,	'Бувайда',	183),
(2358,	1730212561,	'Зарбулок',	183),
(2359,	1730212563,	'Кум',	183),
(2360,	1730212565,	'Юкори Найман',	183),
(2361,	1730212567,	'Аккурган',	183),
(2362,	1730212569,	'Куйи Урганжи',	183),
(2363,	1730212800,	'Сельские сходы граждан Бувайдинского района',	183),
(2364,	1730212806,	'Аккурган',	183),
(2365,	1730212810,	'Алкар',	183),
(2366,	1730212820,	'Бекабад',	183),
(2367,	1730212830,	'Бештерак',	183),
(2368,	1730212840,	'Бувайда',	183),
(2369,	1730212850,	'Джалаер',	183),
(2370,	1730212860,	'Кунград',	183),
(2371,	1730212862,	'Курганабад',	183),
(2372,	1730212866,	'Узумзар',	183),
(2373,	1730212869,	'Янгикадам',	183),
(2374,	1730212870,	'Янгикурган',	183),
(2375,	1730215500,	'Города районного подчинения Бешарыкского района',	184),
(2376,	1730215501,	'Бешарык',	184),
(2377,	1730215550,	'Городские поселки Бешарыкского района',	184),
(2378,	1730215553,	'Нафосат',	184),
(2379,	1730215556,	'Заркайнар',	184),
(2380,	1730215559,	'Капаянги',	184),
(2381,	1730215563,	'Кумкишлак',	184),
(2382,	1730215566,	'Актовук',	184),
(2383,	1730215569,	'Рапкан',	184),
(2384,	1730215573,	'Товул',	184),
(2385,	1730215576,	'Узун',	184),
(2386,	1730215579,	'Чимбай',	184),
(2387,	1730215583,	'Мангуобод',	184),
(2388,	1730215800,	'Сельские сходы граждан Бешарыкского района',	184),
(2389,	1730215804,	'Андархан',	184),
(2390,	1730215811,	'Бешарык',	184),
(2391,	1730215815,	'Ватан',	184),
(2392,	1730215826,	'Каражийда',	184),
(2393,	1730215828,	'Кашкар',	184),
(2394,	1730215839,	'Бешсари',	184),
(2395,	1730215844,	'Рапкан',	184),
(2396,	1730215848,	'Тавул',	184),
(2397,	1730215855,	'Яккатут',	184),
(2398,	1730218500,	'Города районного подчинения  Кувинского района',	185),
(2399,	1730218501,	'Кува',	185),
(2400,	1730218550,	'Городские поселки Кувинского района',	185),
(2401,	1730218552,	'Саноатчилар',	185),
(2402,	1730218553,	'Гулистон',	185),
(2403,	1730218554,	'Дамарик',	185),
(2404,	1730218555,	'Джалаер',	185),
(2405,	1730218556,	'Кайирма',	185),
(2406,	1730218557,	'Какир',	185),
(2407,	1730218558,	'Кандабулок',	185),
(2408,	1730218559,	'Карашох',	185),
(2409,	1730218561,	'Мустакиллик',	185),
(2410,	1730218562,	'Олтинарик',	185),
(2411,	1730218563,	'Пастки Хужа Хасан',	185),
(2412,	1730218564,	'Толмазор',	185),
(2413,	1730218565,	'Турк',	185),
(2414,	1730218567,	'Узбек',	185),
(2415,	1730218569,	'Юзия',	185),
(2416,	1730218800,	'Сельские сходы граждан Кувинского района',	185),
(2417,	1730218804,	'Акбарабад',	185),
(2418,	1730218813,	'Байналминал',	185),
(2419,	1730218826,	'Дехканабад',	185),
(2420,	1730218829,	'Иттифок',	185),
(2421,	1730218837,	'Маданият',	185),
(2422,	1730218842,	'Ифтихор',	185),
(2423,	1730218851,	'Намуна',	185),
(2424,	1730218862,	'Бахор',	185),
(2425,	1730218871,	'Туркрават',	185),
(2426,	1730218884,	'Сойгузар',	185),
(2427,	1730218886,	'Янгихаят',	185),
(2428,	1730221550,	'Городские поселки Учкуприкского района',	186),
(2429,	1730221551,	'Учкуприк',	186),
(2430,	1730221553,	'Бегабад',	186),
(2431,	1730221555,	'Гиждан',	186),
(2432,	1730221557,	'Катта кашкар',	186),
(2433,	1730221559,	'Кумарикобод',	186),
(2434,	1730221561,	'Богибустон',	186),
(2435,	1730221563,	'Мирзахужа',	186),
(2436,	1730221565,	'Палахон',	186),
(2437,	1730221567,	'Собиржан',	186),
(2438,	1730221569,	'Тургок',	186),
(2439,	1730221571,	'Янгикишлок',	186),
(2440,	1730221800,	'Сельские сходы граждан Учкуприкского района',	186),
(2441,	1730221816,	'Гиждан',	186),
(2442,	1730221828,	'Кенагас',	186),
(2443,	1730221839,	'Навруз',	186),
(2444,	1730221851,	'Чарбог',	186),
(2445,	1730221856,	'Палахан',	186),
(2446,	1730221859,	'Сарыкурган',	186),
(2447,	1730221862,	'Учкуприк',	186),
(2448,	1730221873,	'Янгикишлак',	186),
(2449,	1730221876,	'Обод диер',	186),
(2450,	1730224500,	'Города районного подчинения Риштанского района',	187),
(2451,	1730224501,	'Риштан',	187),
(2452,	1730224550,	'Городские поселки Риштанского района',	187),
(2453,	1730224552,	'Авазбай',	187),
(2454,	1730224554,	'Бешкапа',	187),
(2455,	1730224556,	'Бужай',	187),
(2456,	1730224558,	'Бустан',	187),
(2457,	1730224562,	'Дутир',	187),
(2458,	1730224564,	'Саховат',	187),
(2459,	1730224566,	'Зохидан',	187),
(2460,	1730224568,	'Кайрагач',	187),
(2461,	1730224572,	'Ак-ер',	187),
(2462,	1730224574,	'Пандиган',	187),
(2463,	1730224576,	'Туда',	187),
(2464,	1730224578,	'Уйрат',	187),
(2465,	1730224582,	'Хуррамабад',	187),
(2466,	1730224800,	'Сельские сходы граждан Риштанского района',	187),
(2467,	1730224804,	'Акалтын',	187),
(2468,	1730224806,	'Акъер',	187),
(2469,	1730224823,	'Бешкапа',	187),
(2470,	1730224829,	'Бустан',	187),
(2471,	1730224835,	'Мехнатабад',	187),
(2472,	1730224846,	'Риштан',	187),
(2473,	1730224868,	'Зохидон',	187),
(2474,	1730224879,	'Туда',	187),
(2475,	1730224890,	'им. Б. Усманходжаева',	187),
(2476,	1730224895,	'Яйилма',	187),
(2477,	1730224897,	'Кайрагач',	187),
(2478,	1730226550,	'Городские поселки Сохского района',	188),
(2479,	1730226551,	'Равон',	188),
(2480,	1730226554,	'Калъа',	188),
(2481,	1730226557,	'Сариканда',	188),
(2482,	1730226561,	'Сох',	188),
(2483,	1730226564,	'Тул',	188),
(2484,	1730226567,	'Хушер',	188),
(2485,	1730226571,	'Тароватли',	188),
(2486,	1730226800,	'Сельские сходы граждан Сохского района',	188),
(2487,	1730226812,	'Сохибкор',	188),
(2488,	1730226840,	'Раван',	188),
(2489,	1730226857,	'Сох',	188),
(2490,	1730226893,	'Хушъяр',	188),
(2491,	1730227550,	'Городские поселки Ташлакского района',	189),
(2492,	1730227551,	'Ташлак',	189),
(2493,	1730227553,	'Арабмозор',	189),
(2494,	1730227555,	'Ахшак',	189),
(2495,	1730227557,	'Варзак',	189),
(2496,	1730227559,	'Заркент',	189),
(2497,	1730227561,	'Кумарик',	189),
(2498,	1730227563,	'Куйи Найман',	189),
(2499,	1730227565,	'Садда',	189),
(2500,	1730227567,	'Турват',	189),
(2501,	1730227569,	'Яккатут',	189),
(2502,	1730227800,	'Сельские сходы граждан Ташлакского района',	189),
(2503,	1730227810,	'Ахшак',	189),
(2504,	1730227815,	'Куйи Яккатут',	189),
(2505,	1730227823,	'Варзак',	189),
(2506,	1730227836,	'Арабмазар',	189),
(2507,	1730227849,	'Кумарык',	189),
(2508,	1730227853,	'Найман',	189),
(2509,	1730227855,	'Найманбустан',	189),
(2510,	1730227872,	'Садда',	189),
(2511,	1730227882,	'Заркент',	189),
(2512,	1730227885,	'Курганча',	189),
(2513,	1730230500,	'Города районного подчинения Узбекистанского района',	190),
(2514,	1730230501,	'Яйпан',	190),
(2515,	1730230550,	'Городские поселки Узбекистанского района',	190),
(2516,	1730230556,	'Шорсу',	190),
(2517,	1730230558,	'Авгон',	190),
(2518,	1730230562,	'Дахана какир',	190),
(2519,	1730230564,	'Ислам',	190),
(2520,	1730230566,	'Катта Тагаб',	190),
(2521,	1730230568,	'Кизил какир',	190),
(2522,	1730230570,	'Кичик Тагаб',	190),
(2523,	1730230572,	'Сардоба',	190),
(2524,	1730230574,	'Кудаш',	190),
(2525,	1730230576,	'Кул элаш',	190),
(2526,	1730230577,	'Кулибек',	190),
(2527,	1730230578,	'Кумбосди',	190),
(2528,	1730230580,	'Кушкунак',	190),
(2529,	1730230582,	'Курганча',	190),
(2530,	1730230584,	'Нурсух',	190),
(2531,	1730230586,	'Овчи',	190),
(2532,	1730230588,	'Айимча какир',	190),
(2533,	1730230590,	'Акмачит',	190),
(2534,	1730230592,	'Ахта Тагаб',	190),
(2535,	1730230594,	'Укчи Дашт',	190),
(2536,	1730230596,	'Укчи Ражабгарди',	190),
(2537,	1730230598,	'Ифтихор',	190),
(2538,	1730230800,	'Сельские сходы граждан Узбекистанского района',	190),
(2539,	1730230807,	'Авчи',	190),
(2540,	1730230811,	'Кораезбобо',	190),
(2541,	1730230822,	'Ганиабад',	190),
(2542,	1730230838,	'Конизор',	190),
(2543,	1730230844,	'Кайнар',	190),
(2544,	1730230855,	'Мингтут',	190),
(2545,	1730230866,	'Нурсук',	190),
(2546,	1730230869,	'Раджабгарди',	190),
(2547,	1730230873,	'Кызыл какир',	190),
(2548,	1730230875,	'Тагаб',	190),
(2549,	1730233550,	'Городские поселки Ферганского района',	191),
(2550,	1730233555,	'Чимион',	191),
(2551,	1730233557,	'Аввал',	191),
(2552,	1730233559,	'Арча',	191),
(2553,	1730233561,	'Водил',	191),
(2554,	1730233563,	'Юкори Водил',	191),
(2555,	1730233565,	'Дамкул',	191),
(2556,	1730233567,	'Ешларабад',	191),
(2557,	1730233569,	'Кургонтепа',	191),
(2558,	1730233571,	'Лангар',	191),
(2559,	1730233573,	'Лаган',	191),
(2560,	1730233575,	'Миндон',	191),
(2561,	1730233577,	'Новкент',	191),
(2562,	1730233579,	'Юкори Октепа',	191),
(2563,	1730233581,	'Парвоз',	191),
(2564,	1730233583,	'Юкори Сойбуйи',	191),
(2565,	1730233585,	'Бахор',	191),
(2566,	1730233587,	'Хонкиз',	191),
(2567,	1730233589,	'Хуроба',	191),
(2568,	1730233591,	'Нефтчилар',	191),
(2569,	1730233593,	'Шохимардонабад',	191),
(2570,	1730233595,	'Юкори миндан',	191),
(2571,	1730233800,	'Сельские сходы граждан Ферганского района',	191),
(2572,	1730233804,	'Ауваль',	191),
(2573,	1730233816,	'Гульшан',	191),
(2574,	1730233821,	'Кургантепа',	191),
(2575,	1730233826,	'Сайбуйи',	191),
(2576,	1730233830,	'Лаган',	191),
(2577,	1730233836,	'Миндан',	191),
(2578,	1730233839,	'Навкат',	191),
(2579,	1730233847,	'Каптаpхона',	191),
(2580,	1730233864,	'Шахимаpдан',	191),
(2581,	1730233870,	'Парвоз',	191),
(2582,	1730233876,	'Чимион',	191),
(2583,	1730233880,	'Дамкуль',	191),
(2584,	1730233885,	'Ханкыз',	191),
(2585,	1730233890,	'Акбилал',	191),
(2586,	1730233895,	'Юкоpи Вуадыл',	191),
(2587,	1730233898,	'Вуадыл',	191),
(2588,	1730236550,	'Городские поселки Дангаринского района',	192),
(2589,	1730236551,	'Дангара',	192),
(2590,	1730236554,	'Доимабад',	192),
(2591,	1730236557,	'Катта ганжиравон',	192),
(2592,	1730236561,	'Катта турк',	192),
(2593,	1730236564,	'Кум кияли',	192),
(2594,	1730236567,	'Топтиксарай',	192),
(2595,	1730236571,	'Тумор',	192),
(2596,	1730236574,	'Юкори Урганжи',	192),
(2597,	1730236577,	'Янги замон',	192),
(2598,	1730236800,	'Сельские сходы граждан Дангаринского района',	192),
(2599,	1730236803,	'Акджар',	192),
(2600,	1730236808,	'Сохил',	192),
(2601,	1730236822,	'Найманча',	192),
(2602,	1730236830,	'Кияли',	192),
(2603,	1730236833,	'Мулкабад',	192),
(2604,	1730236841,	'Санам',	192),
(2605,	1730236844,	'Чинабад',	192),
(2606,	1730236855,	'Тайпак',	192),
(2607,	1730238550,	'Городские поселки Фуркатского района',	193),
(2608,	1730238551,	'Навбахор',	193),
(2609,	1730238553,	'Калдушан',	193),
(2610,	1730238555,	'Куконбай',	193),
(2611,	1730238557,	'Томоша',	193),
(2612,	1730238559,	'Чек чувалдак',	193),
(2613,	1730238561,	'Шойинбек',	193),
(2614,	1730238563,	'Эски',	193),
(2615,	1730238565,	'Эшон',	193),
(2616,	1730238800,	'Сельские сходы граждан Фуркатского района',	193),
(2617,	1730238810,	'Галлакор',	193),
(2618,	1730238830,	'Коканд',	193),
(2619,	1730238835,	'Навбахор',	193),
(2620,	1730238840,	'Тамаша',	193),
(2621,	1730238850,	'Шункар',	193),
(2622,	1730238855,	'Гунча',	193),
(2623,	1730242550,	'Городские поселки Язъяванского района',	194),
(2624,	1730242551,	'Язъяван',	194),
(2625,	1730242554,	'Езевон чек',	194),
(2626,	1730242557,	'Йулдошабад',	194),
(2627,	1730242561,	'Карасакал',	194),
(2628,	1730242564,	'Коратепа',	194),
(2629,	1730242567,	'Келажак',	194),
(2630,	1730242571,	'Куйи Сойбуйи',	194),
(2631,	1730242574,	'Тошховуз',	194),
(2632,	1730242577,	'Хонабад',	194),
(2633,	1730242800,	'Сельские сходы граждан Язъяванского района',	194),
(2634,	1730242806,	'Гулистан',	194),
(2635,	1730242810,	'Катартал',	194),
(2636,	1730242817,	'Каpатепа',	194),
(2637,	1730242830,	'Ханабад',	194),
(2638,	1730242832,	'Истиклол',	194),
(2639,	1730242848,	'Язъяван',	194),
(2640,	1730242852,	'Янгиабад',	194),
(2641,	1730242855,	'Иштиpхон',	194),
(2642,	1730242860,	'Карасакал',	194),
(2643,	1730242865,	'Янгибустан',	194),
(2644,	1730405550,	'Городские поселки, подч. Кокандскому горхокимияту',	197),
(2645,	1730405555,	'Мукими',	197),
(2646,	1730408550,	'Городские поселки подч. Кувасайскому горхокимияту',	198),
(2647,	1730408555,	'Дустлик',	198),
(2648,	1730408800,	'Сельские сходы гр-н, подч. Кувасайскому горхок-ту',	198),
(2649,	1730408811,	'Арсив',	198),
(2650,	1730408822,	'Валик',	198),
(2651,	1730408829,	'Кучкаpчи',	198),
(2652,	1730408833,	'Муян',	198),
(2653,	1730408841,	'Исфайрамсой',	198),
(2654,	1730408845,	'Суфан',	198),
(2655,	1730412550,	'Городкие поселки, подч. Маргиланскому горхокимияту',	199),
(2656,	1730412557,	'Янги Маpгилан',	199),
(2657,	1733204550,	'Городские поселки Багатского района',	201),
(2658,	1733204551,	'Багат',	201),
(2659,	1733204553,	'Нурафшон',	201),
(2660,	1733204555,	'Олтинкум',	201),
(2661,	1733204557,	'Узумзор',	201),
(2662,	1733204559,	'Янгикадам',	201),
(2663,	1733204800,	'Сельские сходы граждан Багатского района',	201),
(2664,	1733204805,	'Караянтак',	201),
(2665,	1733204813,	'Бешарык',	201),
(2666,	1733204822,	'Дехканбазар',	201),
(2667,	1733204833,	'Куланкарабаг',	201),
(2668,	1733204844,	'Угузработ',	201),
(2669,	1733204849,	'Маданият',	201),
(2670,	1733204855,	'Найман',	201),
(2671,	1733204866,	'Миришкор',	201),
(2672,	1733204870,	'Хужалик',	201),
(2673,	1733204875,	'Кипчак',	201),
(2674,	1733208550,	'Городские поселки Гурленского района',	202),
(2675,	1733208551,	'Гурлен',	202),
(2676,	1733208554,	'Чаккалар',	202),
(2677,	1733208557,	'Бузкалъа',	202),
(2678,	1733208561,	'Нурзамин',	202),
(2679,	1733208564,	'Нукус еп',	202),
(2680,	1733208567,	'Марказий Гулистан',	202),
(2681,	1733208571,	'Дусимбий',	202),
(2682,	1733208574,	'Тахтакупир',	202),
(2683,	1733208577,	'Ермиш',	202),
(2684,	1733208800,	'Сельские сходы граждан Гурленского района',	202),
(2685,	1733208803,	'Алга',	202),
(2686,	1733208820,	'Вазир',	202),
(2687,	1733208825,	'Гулистан',	202),
(2688,	1733208826,	'Хизирэли',	202),
(2689,	1733208835,	'Бирлашган',	202),
(2690,	1733208855,	'Сахтиян',	202),
(2691,	1733208857,	'Досимбий',	202),
(2692,	1733208874,	'Шаликор',	202),
(2693,	1733208881,	'Эшимжиран',	202),
(2694,	1733212550,	'Городские поселки Кошкупырского района',	203),
(2695,	1733212551,	'Кошкупыр',	203),
(2696,	1733212553,	'Караман',	203),
(2697,	1733212555,	'Урта кишлак',	203),
(2698,	1733212557,	'Хонабад',	203),
(2699,	1733212559,	'Шихмашхад',	203),
(2700,	1733212561,	'Шерабад',	203),
(2701,	1733212800,	'Сельские сходы граждан Кошкупырского района',	203),
(2702,	1733212811,	'Ших',	203),
(2703,	1733212822,	'Газават',	203),
(2704,	1733212827,	'Акдарбанд',	203),
(2705,	1733212833,	'Котогон',	203),
(2706,	1733212840,	'Кенегес',	203),
(2707,	1733212856,	'Узбекяб',	203),
(2708,	1733212867,	'Уртаяп',	203),
(2709,	1733212878,	'Хадра',	203),
(2710,	1733212889,	'Ханабад',	203),
(2711,	1733212891,	'Хасиян',	203),
(2712,	1733212893,	'Хайрабад',	203),
(2713,	1733212895,	'Янгилик',	203),
(2714,	1733217550,	'Городские поселки Ургенчского района',	204),
(2715,	1733217554,	'Чалыш',	204),
(2716,	1733217558,	'Ак алтин',	204),
(2717,	1733217562,	'Чондир',	204),
(2718,	1733217566,	'Купалик',	204),
(2719,	1733217572,	'Гардонлар',	204),
(2720,	1733217800,	'Сельские сходы граждан Ургенчского района',	204),
(2721,	1733217822,	'Бекабад',	204),
(2722,	1733217833,	'Гайбу',	204),
(2723,	1733217844,	'Караман',	204),
(2724,	1733217855,	'Караул',	204),
(2725,	1733217863,	'Чаткупыр',	204),
(2726,	1733217869,	'Чаккашаликар',	204),
(2727,	1733217872,	'Чандиркият',	204),
(2728,	1733217882,	'Юкарибаг',	204),
(2729,	1733217890,	'Юкары-Дорман',	204),
(2730,	1733217895,	'Галаба',	204),
(2731,	1733220550,	'Городские поселки Хазараспского района',	205),
(2732,	1733220551,	'Хазарасп',	205),
(2733,	1733220553,	'Ак еп',	205),
(2734,	1733220555,	'Аек-авва',	205),
(2735,	1733220557,	'Нурхаёт',	205),
(2736,	1733220800,	'Сельские сходы граждан Хазараспского района',	205),
(2737,	1733220803,	'Авшар',	205),
(2738,	1733220806,	'Карвак',	205),
(2739,	1733220812,	'Бешта',	205),
(2740,	1733220814,	'Бустан',	205),
(2741,	1733220822,	'Питнак',	205),
(2742,	1733220830,	'Пичакчи',	205),
(2743,	1733220845,	'Саноат',	205),
(2744,	1733220852,	'Саримай',	205),
(2745,	1733220862,	'Тупраккала',	205),
(2746,	1733220868,	'Мухаман',	205),
(2747,	1733220879,	'Янгибазар',	205),
(2748,	1733221500,	'Города районного подчинения Тупроккалинского района',	206),
(2749,	1733221501,	'Питнак',	206),
(2750,	1733221550,	'Городские поселки Тупроккалинского района',	206),
(2751,	1733221800,	'Сельские сходы граждан Тупроккалинского района',	206),
(2752,	1733223550,	'Городские поселки Ханкинского pайона',	207),
(2753,	1733223551,	'Ханка',	207),
(2754,	1733223553,	'Истиклол',	207),
(2755,	1733223555,	'Маданий ер',	207),
(2756,	1733223557,	'Бирлашган',	207),
(2757,	1733223559,	'Еш куч',	207),
(2758,	1733223800,	'Сельские сходы граждан Ханкинского района',	207),
(2759,	1733223803,	'Амударья',	207),
(2760,	1733223810,	'Каракош',	207),
(2761,	1733223812,	'Катта Жирмиз',	207),
(2762,	1733223820,	'Мадир',	207),
(2763,	1733223830,	'Кыркяп',	207),
(2764,	1733223835,	'Навхас',	207),
(2765,	1733223840,	'Намуна',	207),
(2766,	1733223860,	'Сарыпаян',	207),
(2767,	1733223870,	'Тамадургадык',	207),
(2768,	1733223890,	'Аладжа',	207),
(2769,	1733226550,	'Городские поселки Хивинского района',	208),
(2770,	1733226552,	'Гулланбаг',	208),
(2771,	1733226554,	'Парчанхас',	208),
(2772,	1733226562,	'Ифтихор',	208),
(2773,	1733226564,	'Шуркалъа',	208),
(2774,	1733226566,	'Юкориком',	208),
(2775,	1733226568,	'Хамкор',	208),
(2776,	1733226800,	'Сельские сходы граждан Хивинского района',	208),
(2777,	1733226805,	'Акяп',	208),
(2778,	1733226810,	'Гандимян',	208),
(2779,	1733226820,	'Дашьяк',	208),
(2780,	1733226826,	'Журян',	208),
(2781,	1733226834,	'Ирдимзан',	208),
(2782,	1733226845,	'Эски кият',	208),
(2783,	1733226856,	'Саят',	208),
(2784,	1733226867,	'Шамахулум',	208),
(2785,	1733226878,	'Чинабад',	208),
(2786,	1733230550,	'Городские поселки Шаватского района',	209),
(2787,	1733230551,	'Шават',	209),
(2788,	1733230554,	'Буйрачи',	209),
(2789,	1733230557,	'Ипакчи',	209),
(2790,	1733230561,	'Кангли',	209),
(2791,	1733230564,	'Кат-калъа',	209),
(2792,	1733230567,	'Монак',	209),
(2793,	1733230571,	'Чигатай',	209),
(2794,	1733230800,	'Сельские сходы граждан Шаватского района',	209),
(2795,	1733230811,	'Каткала',	209),
(2796,	1733230822,	'Хуррият',	209),
(2797,	1733230825,	'Буйрачи',	209),
(2798,	1733230830,	'Бешмерган',	209),
(2799,	1733230833,	'Ижтимаят',	209),
(2800,	1733230839,	'Кангли',	209),
(2801,	1733230844,	'Кият',	209),
(2802,	1733230855,	'Чигатай кала',	209),
(2803,	1733230866,	'Узбекистан',	209),
(2804,	1733230877,	'Чоклы',	209),
(2805,	1733230888,	'Шават кала',	209),
(2806,	1733233550,	'Городские поселки Янгиарыкского района',	210),
(2807,	1733233551,	'Янгиарык',	210),
(2808,	1733233553,	'Гулбог',	210),
(2809,	1733233555,	'Собурзан',	210),
(2810,	1733233557,	'Сувган',	210),
(2811,	1733233561,	'Таган',	210),
(2812,	1733233563,	'Кушлок',	210),
(2813,	1733233800,	'Сельские сходы граждан Янгиарыкского района',	210),
(2814,	1733233811,	'Кармиш',	210),
(2815,	1733233822,	'Астана',	210),
(2816,	1733233833,	'Каттабаг',	210),
(2817,	1733233844,	'Гулобод',	210),
(2818,	1733233855,	'Гулланбаг',	210),
(2819,	1733233872,	'Таган',	210),
(2820,	1733233884,	'Куриктам',	210),
(2821,	1733233897,	'Чикирчи',	210),
(2822,	1733236550,	'Городские поселки Янгибазарского района',	211),
(2823,	1733236551,	'Янгибазар',	211),
(2824,	1733236554,	'Янги-еп',	211),
(2825,	1733236558,	'Мангитлар',	211),
(2826,	1733236800,	'Сельские сходы граждан Янгибазарского района',	211),
(2827,	1733236803,	'Аякдорман',	211),
(2828,	1733236805,	'Багалан',	211),
(2829,	1733236806,	'Башкирших',	211),
(2830,	1733236808,	'Бозкала',	211),
(2831,	1733236812,	'Каландардорман',	211),
(2832,	1733236830,	'Уйгур',	211),
(2833,	1733236834,	'Чубаланчи',	211),
(2834,	1733236836,	'Ширинкунград',	211),
(2835,	1735204500,	'Города районного подчинения Амударьинского района',	216),
(2836,	1735204501,	'Мангит',	216),
(2837,	1735204550,	'Гоpодские поселки Амударьинского района',	216),
(2838,	1735204554,	'Джумуртау',	216),
(2839,	1735204555,	'Кипчок',	216),
(2840,	1735204556,	'Киличбай',	216),
(2841,	1735204557,	'Китай',	216),
(2842,	1735204800,	'Сельские сходы граждан Амударьинского района',	216),
(2843,	1735204805,	'Назаpхан',	216),
(2844,	1735204811,	'Оpта - кала',	216),
(2845,	1735204822,	'Кипчак',	216),
(2846,	1735204833,	'Куюк- Купиp',	216),
(2847,	1735204844,	'Ктай',	216),
(2848,	1735204848,	'Ок олтин',	216),
(2849,	1735204855,	'Чайкол',	216),
(2850,	1735204866,	'Кличбай',	216),
(2851,	1735204870,	'Канлы',	216),
(2852,	1735204874,	'Амир Темур',	216),
(2853,	1735204875,	'Дурман',	216),
(2854,	1735204880,	'им. Бабура',	216),
(2855,	1735204883,	'Бузяп',	216),
(2856,	1735204887,	'Тулкин',	216),
(2857,	1735204889,	'Ташеп',	216),
(2858,	1735204892,	'Холимбег',	216),
(2859,	1735207500,	'Города районного подчинения Берунийского района',	217),
(2860,	1735207501,	'Беруни',	217),
(2861,	1735207550,	'Городские поселки Берунийского района',	217),
(2862,	1735207552,	'Булиш',	217),
(2863,	1735207800,	'Сельские сходы граждан Берунийского района',	217),
(2864,	1735207807,	'Абай',	217),
(2865,	1735207811,	'Азад',	217),
(2866,	1735207814,	'Саpкоп',	217),
(2867,	1735207816,	'Навои',	217),
(2868,	1735207818,	'Беpуни',	217),
(2869,	1735207822,	'Махтумкули',	217),
(2870,	1735207827,	'Бийбазар',	217),
(2871,	1735207829,	'Дустлик',	217),
(2872,	1735207832,	'Алтынсай',	217),
(2873,	1735207843,	'Кызылкала',	217),
(2874,	1735207865,	'Шабаз',	217),
(2875,	1735207876,	'Шимам',	217),
(2876,	1735207880,	'Тинчлик',	217),
(2877,	1735209550,	'Гоpодские поселки Бозатауского района',	218),
(2878,	1735209551,	'Бозатау',	218),
(2879,	1735209800,	'Сельские сходы граждан Бозатауского района',	218),
(2880,	1735209804,	'Аспантай',	218),
(2881,	1735209808,	'Еркиндарья',	218),
(2882,	1735209812,	'Кук-су',	218),
(2883,	1735209818,	'Кусканатау',	218),
(2884,	1735211550,	'Гоpодские поселки Караузякского района',	219),
(2885,	1735211551,	'Караузяк',	219),
(2886,	1735211800,	'Сельские сходы граждан Караузякского района',	219),
(2887,	1735211803,	'Алгабас',	219),
(2888,	1735211815,	'Есимозек',	219),
(2889,	1735211823,	'Каpакуль',	219),
(2890,	1735211826,	'Карабуга',	219),
(2891,	1735211828,	'Караузяк',	219),
(2892,	1735211830,	'Койбак',	219),
(2893,	1735211835,	'Маденият',	219),
(2894,	1735211837,	'им. Бердах',	219),
(2895,	1735212500,	'Города районного подчинения Кегейлийского района',	220),
(2896,	1735212505,	'Халкабад',	220),
(2897,	1735212550,	'Гоpодские поселки Кегейлийского района',	220),
(2898,	1735212551,	'Кегейли',	220),
(2899,	1735212800,	'Сельские сходы граждан Кегейлийского района',	220),
(2900,	1735212806,	'Актуба',	220),
(2901,	1735212815,	'Жанабазар',	220),
(2902,	1735212833,	'Жалпакжап',	220),
(2903,	1735212834,	'Кок Озек',	220),
(2904,	1735212835,	'Кумшункуль',	220),
(2905,	1735212839,	'Жузим баг',	220),
(2906,	1735212841,	'Ийшан кала',	220),
(2907,	1735212855,	'Абад',	220),
(2908,	1735215500,	'Города районного подчинения Кунградского района',	221),
(2909,	1735215501,	'Кунград',	221),
(2910,	1735215550,	'Гоpодские поселки Кунградского района',	221),
(2911,	1735215552,	'Жаслык',	221),
(2912,	1735215554,	'Каракалпакстан',	221),
(2913,	1735215560,	'Кырыккыз',	221),
(2914,	1735215562,	'Алтынкуль',	221),
(2915,	1735215567,	'Елабад',	221),
(2916,	1735215800,	'Сельские сходы граждан Кунградского района',	221),
(2917,	1735215806,	'Адебият',	221),
(2918,	1735215809,	'им.Ажинияза',	221),
(2919,	1735215811,	'Кунгpад',	221),
(2920,	1735215814,	'Канлы',	221),
(2921,	1735215818,	'Орнек',	221),
(2922,	1735215822,	'Раушан',	221),
(2923,	1735215826,	'Сууенли',	221),
(2924,	1735215830,	'Устирт',	221),
(2925,	1735215834,	'Хорезм',	221),
(2926,	1735215841,	'Кокдарья',	221),
(2927,	1735215845,	'Мийнетабад',	221),
(2928,	1735215847,	'Кыпшак',	221),
(2929,	1735218550,	'Гоpодские поселки Канлыкульского района',	222),
(2930,	1735218551,	'Канлыкуль',	222),
(2931,	1735218800,	'Сельские сходы граждан Канлыкульского района',	222),
(2932,	1735218805,	'Арзымбет кум',	222),
(2933,	1735218808,	'Бостон',	222),
(2934,	1735218816,	'Канлыкуль',	222),
(2935,	1735218817,	'Косжап',	222),
(2936,	1735218819,	'Бескопыр',	222),
(2937,	1735218821,	'Наурыз',	222),
(2938,	1735218823,	'Жана кала',	222),
(2939,	1735222500,	'Города районного подчинения Муйнакского района',	223),
(2940,	1735222501,	'Муйнак',	223),
(2941,	1735222800,	'Сельские сходы граждан Муйнакского района',	223),
(2942,	1735222811,	'Бозатау',	223),
(2943,	1735222822,	'Казахдарья',	223),
(2944,	1735222833,	'Мадели',	223),
(2945,	1735222844,	'Тикузяк',	223),
(2946,	1735222855,	'Учсай',	223),
(2947,	1735222866,	'Хаким-ата',	223),
(2948,	1735222877,	'Кизил жар',	223),
(2949,	1735225550,	'Гоpодские поселки Нукусского района',	224),
(2950,	1735225551,	'Акмангит',	224),
(2951,	1735225800,	'Сельские сходы граждан Нукусского района',	224),
(2952,	1735225822,	'Баканшаклы',	224),
(2953,	1735225835,	'Крантау',	224),
(2954,	1735225843,	'Такыркол',	224),
(2955,	1735225846,	'Саманбай',	224),
(2956,	1735225854,	'Арбаши',	224),
(2957,	1735225858,	'Кеpдеp',	224),
(2958,	1735228500,	'Города районного подчинения Тахиаташского района',	225),
(2959,	1735228501,	'Тахиаташ',	225),
(2960,	1735228550,	'Гоpодские поселки Тахиаташского района',	225),
(2961,	1735228553,	'Найманкул',	225),
(2962,	1735228800,	'Сельские сходы граждан Тахиаташского района',	225),
(2963,	1735228806,	'Кенегес',	225),
(2964,	1735228809,	'Найманкул',	225),
(2965,	1735228812,	'Сарайкул',	225),
(2966,	1735230550,	'Гоpодские поселки Тахтакупырского района',	226),
(2967,	1735230551,	'Тахтакупыр',	226),
(2968,	1735230800,	'Сельские сходы граждан Тахтакупырского района',	226),
(2969,	1735230803,	'Атакуль',	226),
(2970,	1735230820,	'Караой',	226),
(2971,	1735230833,	'Мулик',	226),
(2972,	1735230835,	'Коныраткол',	226),
(2973,	1735230837,	'Жанадаpья',	226),
(2974,	1735230840,	'Белтау',	226),
(2975,	1735230844,	'Каратерен',	226),
(2976,	1735230877,	'Тахтакупыр',	226),
(2977,	1735233500,	'Города районного подчинения Турткульского района',	227),
(2978,	1735233501,	'Турткуль',	227),
(2979,	1735233550,	'Городские поселки Турткульского района',	227),
(2980,	1735233552,	'Мискин',	227),
(2981,	1735233554,	'Туркманкули',	227),
(2982,	1735233556,	'Тозабог',	227),
(2983,	1735233558,	'Нурли-йул',	227),
(2984,	1735233560,	'Амирабад',	227),
(2985,	1735233800,	'Сельские сходы граждан Турткульского района',	227),
(2986,	1735233804,	'Акбашлы',	227),
(2987,	1735233806,	'Аккамыш',	227),
(2988,	1735233808,	'Пахтаабад',	227),
(2989,	1735233812,	'Атауба',	227),
(2990,	1735233816,	'Кана Турткул',	227),
(2991,	1735233828,	'Джамбаскала',	227),
(2992,	1735233830,	'им. Дурдыева',	227),
(2993,	1735233840,	'Кельтеминар',	227),
(2994,	1735233842,	'Кокча',	227),
(2995,	1735233844,	'Кумбаскан',	227),
(2996,	1735233878,	'Узбекистон',	227),
(2997,	1735233880,	'Пахтачи',	227),
(2998,	1735233881,	'Тазабагяб',	227),
(2999,	1735233892,	'Уллубаг',	227),
(3000,	1735233896,	'Шурахан',	227),
(3001,	1735236500,	'Города районного подчинения Ходжелийского района',	228),
(3002,	1735236501,	'Ходжейли',	228),
(3003,	1735236550,	'Городские поселки, подч. Ходжелийскому горхок-ту',	228),
(3004,	1735236553,	'Водник',	228),
(3005,	1735236800,	'Сельские сходы граждан Ходжейлийского района',	228),
(3006,	1735236811,	'Амударья',	228),
(3007,	1735236819,	'Жанажап',	228),
(3008,	1735236833,	'Куляб',	228),
(3009,	1735236839,	'Мустакиллик',	228),
(3010,	1735236855,	'Саманкуль',	228),
(3011,	1735236877,	'Сарычункуль',	228),
(3012,	1735236888,	'Кумжиккин',	228),
(3013,	1735240500,	'Города районного подчинения Чимбайского района',	229),
(3014,	1735240501,	'Чимбай',	229),
(3015,	1735240550,	'Городские поселки Чимбайского района',	229),
(3016,	1735240553,	'Айтеке',	229),
(3017,	1735240800,	'Сельские сходы граждан Чимбайского района',	229),
(3018,	1735240802,	'Кызыл Озек',	229),
(3019,	1735240812,	'Камыс арык',	229),
(3020,	1735240822,	'Бахытлы',	229),
(3021,	1735240833,	'Кенес',	229),
(3022,	1735240844,	'Майжап',	229),
(3023,	1735240848,	'Пашент тау',	229),
(3024,	1735240855,	'Тазгаpа',	229),
(3025,	1735240862,	'Тагжап',	229),
(3026,	1735240866,	'Тазажол',	229),
(3027,	1735240870,	'Костеpек',	229),
(3028,	1735243500,	'Города районного подчинения Шуманайского района',	230),
(3029,	1735243501,	'Шуманай',	230),
(3030,	1735243800,	'Сельские сходы граждан Шуманайского района',	230),
(3031,	1735243805,	'Бирлешик',	230),
(3032,	1735243809,	'Бегжап',	230),
(3033,	1735243812,	'Дийханабад',	230),
(3034,	1735243818,	'Мамый',	230),
(3035,	1735243821,	'Сарманбайкол',	230),
(3036,	1735243825,	'Акжап',	230),
(3037,	1735243830,	'Кетенлер',	230),
(3038,	1735250500,	'Города районного подчинения Элликкалинского района',	231),
(3039,	1735250501,	'Бустан',	231),
(3040,	1735250550,	'Городские поселки Элликкалинского района',	231),
(3041,	1735250555,	'Сахтиен',	231),
(3042,	1735250800,	'Сельские сходы граждан Элликкалинского района',	231),
(3043,	1735250803,	'Акчакуль',	231),
(3044,	1735250807,	'Гулистан',	231),
(3045,	1735250808,	'Гульдирсин',	231),
(3046,	1735250812,	'Тазабог',	231),
(3047,	1735250815,	'Саpабий',	231),
(3048,	1735250820,	'Кызылкум',	231),
(3049,	1735250823,	'Кырккыз',	231),
(3050,	1735250827,	'им. Навои',	231),
(3051,	1735250830,	'Килчинак',	231),
(3052,	1735250835,	'Амирабад',	231),
(3053,	1735250850,	'Шарк-Юлдузи',	231),
(3054,	1735250855,	'Элликкала',	231),
(3055,	1735250860,	'Дустлик',	231),
(3056,	1735401550,	'Городские поселки, подч. Нукусскому горхокимияту',	233),
(3057,	1735401554,	'Каратау',	233);

-- 2022-05-14 13:38:02
